FT,ToD,DoW,MO,Dc1,Dc3,Dr1,Dr3,Mc1,Mc3,Mr1,Mr3
1728277200000,60,1,0,dn,dn,-0.07,-0.21,nm,mv,0.6715,1.3603
1728277500000,65,1,0,dn,dn,-0.11,-0.19,mv,mv,1.0307,1.2682
1728277800000,70,1,0,dn,dn,-0.03,-0.08,nm,nm,0.2573,0.5411
1728278100000,75,1,0,dn,dn,-0.05,-0.35,nm,mv,0.516,2.2603
1728278400000,80,1,0,dn,dn,0,-0.19,nm,mv,0,1.1985
1728278700000,85,1,0,dn,dn,-0.3,-0.24,mv,mv,7.318,1.629
1728279000000,90,1,0,up,up,0.11,0.14,mv,nm,1.1175,0.8661
1728279300000,95,1,0,dn,dn,-0.05,0,nm,nm,0.4005,0
1728279600000,100,1,0,up,up,0.08,0.01,nm,nm,0.6498,0.0686
1728279900000,105,1,0,dn,dn,-0.03,-0.24,nm,mv,0.2255,1.6333
1728280200000,110,1,0,dn,dn,-0.04,-0.11,nm,nm,0.3011,0.7486
1728280500000,115,1,0,dn,up,-0.17,0.15,mv,mv,1.287,1.0282
1728280800000,120,1,0,up,up,0.1,0.17,mv,mv,1.0875,1.1666
1728281100000,125,1,0,up,dn,0.22,-0.17,mv,mv,2.4524,1.1809
1728281400000,130,1,0,dn,dn,-0.15,-0.27,mv,mv,1.2118,1.7805
1728281700000,135,1,0,dn,up,-0.24,0.26,mv,mv,1.7607,1.6668
1728282600000,150,1,0,up,up,0.12,0.17,mv,mv,0.7444,1.0827
1728282900000,155,1,0,up,dn,0.38,-0.1,mv,nm,2.1976,0.6461
1728284100000,175,1,0,dn,dn,-0.33,-0.88,mv,mv,1.5659,5.0755
1728284400000,180,1,0,dn,dn,-0.15,-0.83,mv,mv,0.5837,4.6479
1728285000000,190,1,0,dn,dn,-0.4,-0.8,mv,mv,1.6621,4.5151
1728285300000,195,1,0,dn,dn,-0.28,-0.29,mv,mv,1.0296,1.1339
1728285600000,200,1,0,dn,dn,-0.12,-0.51,mv,mv,0.4353,1.6739
1728285900000,205,1,0,up,dn,0.11,-0.39,mv,mv,0.4295,1.1498
1728286200000,210,1,0,dn,dn,-0.5,-0.05,mv,nm,2.9867,0.148
1728286500000,215,1,0,dn,up,0,0.19,nm,mv,0,0.5487
1728286800000,220,1,0,up,dn,0.45,-0.01,mv,nm,2.0873,0.0287
1728287100000,225,1,0,dn,up,-0.26,0.04,mv,nm,0.8682,0.1172
1728287400000,230,1,0,dn,up,-0.2,0.34,mv,mv,0.6732,0.9701
1728287700000,235,1,0,up,up,0.5,0.45,mv,mv,1.6582,1.2863
1728288000000,240,1,0,up,dn,0.04,-0.19,nm,mv,0.1089,0.5364
1728288300000,245,1,0,dn,dn,-0.09,-0.16,nm,mv,0.3072,0.4275
1728288600000,250,1,0,dn,dn,-0.14,0,mv,nm,0.4677,0
1728288900000,255,1,0,up,up,0.07,0.4,nm,mv,0.277,1.0349
1728289200000,260,1,0,up,dn,0.07,-0.13,nm,nm,0.3037,0.3363
1728289500000,265,1,0,up,dn,0.26,-0.21,mv,mv,1.2603,0.5419
1728289800000,270,1,0,dn,dn,-0.46,-0.78,mv,mv,3.5748,1.9646
1728290100000,275,1,0,dn,dn,-0.01,-0.24,nm,mv,0.0445,0.6159
1728290400000,280,1,0,dn,dn,-0.31,-0.47,mv,mv,1.3833,1.2067
1728290700000,285,1,0,up,dn,0.08,-0.72,nm,mv,0.3261,1.8953
1728291000000,290,1,0,dn,dn,-0.24,-0.98,mv,mv,0.9746,2.8427
1728291300000,295,1,0,dn,dn,-0.56,-0.67,mv,mv,2.2788,2.1188
1728291600000,300,1,0,dn,dn,-0.18,-0.18,mv,mv,0.7914,0.5235
1728291900000,305,1,0,up,dn,0.07,-0.22,nm,mv,0.3375,0.5693
1728292200000,310,1,0,dn,dn,-0.07,-0.44,nm,mv,0.316,1.098
1728292500000,315,1,0,dn,dn,-0.22,-0.09,mv,nm,1.0098,0.2253
1728292800000,320,1,0,dn,up,-0.15,0.27,mv,mv,0.7802,0.6939
1728293100000,325,1,0,up,up,0.28,0.45,mv,mv,1.4578,1.1555
1728293400000,330,1,0,up,up,0.14,0.2,mv,mv,0.8098,0.5188
1728293700000,335,1,0,up,up,0.03,0.05,nm,nm,0.174,0.1316
1728294000000,340,1,0,up,up,0.03,0.09,nm,nm,0.1758,0.2368
1728294300000,345,1,0,dn,up,-0.01,0.04,nm,nm,0.0596,0.1017
1728294600000,350,1,0,up,dn,0.07,-0.09,nm,nm,0.5283,0.2262
1728294900000,355,1,0,dn,dn,-0.02,-0.27,nm,mv,0.2067,0.6732
1728295200000,360,1,0,dn,up,-0.14,0.22,mv,mv,2.6148,0.5807
1728295500000,365,1,0,dn,up,-0.11,0.49,nm,mv,1.6541,1.2912
1728295800000,370,1,0,up,up,0.47,0.49,mv,mv,6.3762,1.2907
1728296100000,375,1,0,up,up,0.13,0.18,nm,nm,0.6411,0.49
1728296400000,380,1,0,dn,up,-0.11,0.02,nm,nm,0.5409,0.0504
1728296700000,385,1,0,up,up,0.16,0.22,mv,mv,0.7488,0.5349
1728297000000,390,1,0,dn,dn,-0.03,-0.14,nm,nm,0.1387,0.3649
1728297300000,395,1,0,up,up,0.09,0.04,nm,nm,0.4452,0.1307
1728297600000,400,1,0,dn,dn,-0.2,-0.03,mv,nm,1.0941,0.1168
1728297900000,405,1,0,up,up,0.15,0.02,mv,nm,1.143,0.0785
1728298200000,410,1,0,up,dn,0.02,-0.04,nm,nm,0.1487,0.1637
1728298500000,415,1,0,dn,dn,-0.15,-0.08,mv,nm,1.2148,0.3809
1728298800000,420,1,0,up,dn,0.09,-0.11,nm,nm,0.7268,0.5355
1728299100000,425,1,0,dn,dn,-0.02,-0.015,nm,nm,0.1537,0.073
1728299400000,430,1,0,dn,dn,-0.18,-0.03,mv,nm,1.4546,0.1563
1728299700000,435,1,0,up,up,0.185,0.03,mv,nm,1.5548,0.1545
1728300000000,440,1,0,dn,up,-0.035,0.065,nm,nm,0.2745,0.3335
1728300300000,445,1,0,dn,up,-0.12,0.08,nm,nm,0.9446,0.4087
1728300600000,450,1,0,up,up,0.22,0.27,mv,mv,1.7995,1.3791
1728300900000,455,1,0,dn,up,-0.02,0.24,nm,mv,0.1355,1.2448
1728301200000,460,1,0,up,up,0.07,0.28,nm,mv,0.4744,1.5952
1728301500000,465,1,0,up,up,0.19,0.19,mv,mv,1.564,1.0667
1728301800000,470,1,0,up,up,0.02,0.12,nm,nm,0.1634,0.7803
1728302100000,475,1,0,dn,up,-0.02,0.21,nm,mv,0.17,1.655
1728302400000,480,1,0,up,up,0.12,0.16,mv,nm,1.2496,1.2554
1728302700000,485,1,0,up,up,0.11,0.11,mv,nm,1.4402,0.8598
1728303000000,490,1,0,dn,up,-0.07,0.02,nm,nm,1.0195,0.1572
1728303300000,495,1,0,up,up,0.07,0.032,nm,nm,0.7836,0.2684
1728303600000,500,1,0,up,up,0.02,0.15,nm,nm,0.2913,1.2598
1728303900000,505,1,0,dn,up,-0.058,0.21,nm,mv,0.8448,1.7949
1728304200000,510,1,0,up,up,0.188,0.268,mv,mv,2.5004,2.2972
1728304500000,515,1,0,up,up,0.08,0.01,nm,nm,0.8786,0.0882
1728304800000,520,1,0,dn,dn,0,-0.22,nm,mv,0,2.0413
1728305100000,525,1,1,dn,dn,-0.07,-0.23,nm,mv,0.9112,2.3236
1728305400000,530,1,1,dn,up,-0.15,0.17,mv,mv,1.7105,1.7516
1728305700000,535,1,1,dn,up,-0.01,0.27,nm,mv,0.091,2.2209
1728306000000,540,1,1,up,up,0.33,0.2,mv,mv,3.0772,1.3791
1728306300000,545,1,1,dn,dn,-0.05,-0.09,nm,nm,0.3304,0.6197
1728306600000,550,1,1,dn,up,-0.08,0.16,nm,mv,0.5266,1.0727
1728306900000,555,1,1,up,up,0.04,0.11,nm,nm,0.2572,0.7522
1728307200000,560,1,1,up,up,0.2,0.1931,mv,mv,1.305,1.28
1728307500000,565,1,1,dn,dn,-0.13,-0.26,mv,mv,0.8877,1.7874
1728307800000,570,1,1,up,dn,0.1231,-0.08,mv,nm,0.7532,0.5565
1728308100000,575,1,1,dn,dn,-0.2531,-0.4931,mv,mv,2.1813,3.389
1728308400000,580,1,1,up,dn,0.05,-0.33,nm,mv,0.3245,2.015
1728308700000,585,1,1,dn,up,-0.29,0.27,mv,mv,1.8981,1.6297
1728309000000,590,1,1,dn,up,-0.09,0.43,mv,mv,0.4837,2.0743
1728309300000,595,1,1,up,up,0.65,0.8,mv,mv,4.3691,3.5947
1728309600000,600,1,1,dn,up,-0.13,0.42,mv,mv,0.4144,1.8202
1728309900000,605,1,1,up,up,0.28,0.33,mv,mv,0.8873,1.3308
1728310200000,610,1,1,up,dn,0.27,-0.02,mv,nm,0.8717,0.0662
1728310500000,615,1,1,dn,dn,-0.22,-0.25,mv,mv,0.6937,0.8068
1728310800000,620,1,1,dn,dn,-0.07,-0.27,nm,mv,0.231,0.8576
1728311100000,625,1,1,up,dn,0.04,-0.465,nm,mv,0.133,1.5143
1728311400000,630,1,1,dn,dn,-0.24,-0.39,mv,mv,1.2583,1.265
1728311700000,635,1,1,dn,up,-0.265,0.07,mv,nm,1.2653,0.2193
1728312000000,640,1,1,up,up,0.115,0.255,mv,mv,0.6055,0.7537
1728312300000,645,1,1,up,dn,0.22,-0.27,mv,mv,1.5081,0.773
1728312600000,650,1,1,dn,dn,-0.08,-0.27,nm,mv,0.4504,0.774
1728312900000,655,1,1,dn,up,-0.41,0.23,mv,mv,2.3034,0.6539
1728313200000,660,1,1,up,up,0.22,0.77,mv,mv,0.9984,2.1573
1728313500000,665,1,1,up,up,0.42,0.57,mv,mv,1.7437,1.5898
1728313800000,670,1,1,up,up,0.13,0.13,mv,nm,0.4904,0.3626
1728314100000,675,1,1,up,up,0.02,0.025,nm,nm,0.0753,0.0627
1728314400000,680,1,1,dn,dn,-0.02,-0.32,nm,mv,0.0773,0.8134
1728314700000,685,1,1,up,dn,0.025,-0.3603,nm,mv,0.0982,0.9505
1728315000000,690,1,1,dn,dn,-0.325,-0.37,mv,mv,2.1446,0.9784
1728315300000,695,1,1,dn,dn,-0.0603,-0.045,nm,nm,0.2743,0.1176
1728315600000,700,1,1,up,dn,0.0153,-0.1597,nm,nm,0.1088,0.4544
1728315900000,705,1,1,dn,dn,0,-0.385,nm,mv,0,1.1099
1728316200000,710,1,1,dn,dn,-0.175,-0.625,mv,mv,1.4424,1.863
1728316500000,715,1,1,dn,dn,-0.21,-0.34,mv,mv,1.663,1.0113
1728316800000,720,1,1,dn,up,-0.24,0.095,mv,nm,1.9682,0.278
1728317100000,725,1,1,up,up,0.11,0.43,nm,mv,1.0876,1.1866
1728317400000,730,1,1,up,up,0.225,0.1709,mv,nm,1.7169,0.4797
1728317700000,735,1,1,up,dn,0.095,-0.325,nm,mv,0.5469,0.9278
1728318000000,740,1,1,dn,dn,-0.1491,-0.47,mv,mv,0.8213,1.2815
1728318300000,745,1,1,dn,dn,-0.2709,-0.4659,mv,mv,1.5187,1.2815
1728318600000,750,1,1,dn,dn,-0.05,-0.07,nm,nm,0.2634,0.1914
1728318900000,755,1,1,dn,dn,-0.145,-0.06,mv,nm,0.8624,0.1599
1728319200000,760,1,1,up,up,0.125,0.115,mv,nm,0.7554,0.3027
1728319500000,765,1,1,dn,up,-0.04,0.2,nm,mv,0.2855,0.6301
1728319800000,770,1,1,up,up,0.03,0.24,nm,mv,0.2456,0.895
1728320100000,775,1,1,up,up,0.21,0.2111,mv,mv,1.6732,0.79
1728320400000,780,1,1,dn,up,0,0.065,nm,nm,0,0.2344
1728320700000,785,1,1,up,dn,0.0011,-0.215,nm,mv,0.0097,0.7428
1728321000000,790,1,1,up,dn,0.0639,-0.4511,nm,mv,0.742,1.533
1728321300000,795,1,1,dn,dn,-0.28,-0.5362,mv,mv,3.4739,1.8544
1728321600000,800,1,1,dn,dn,-0.235,-0.275,mv,mv,1.6128,0.9461
1728321900000,805,1,1,dn,dn,-0.0212,-0.0999,nm,nm,0.1251,0.3307
1728322200000,810,1,1,dn,dn,-0.0188,-0.2188,nm,mv,0.1448,0.7019
1728322500000,815,1,1,dn,dn,-0.0599,-0.09,nm,nm,0.4675,0.3111
1728322800000,820,1,1,dn,up,-0.1401,0.1599,mv,nm,1.1345,0.5649
1728323100000,825,1,1,up,dn,0.11,-0.5501,nm,mv,1.0766,1.9548
1728323400000,830,1,1,up,dn,0.19,-0.605,mv,mv,1.77,2.4123
1728323700000,835,1,1,dn,dn,-0.8501,-0.56,mv,mv,7.7809,2.2392
1728324000000,840,1,1,up,up,0.0551,0.0701,nm,nm,0.1618,0.2647
1728324300000,845,1,1,up,dn,0.235,-0.025,mv,nm,0.68,0.0906
1728324600000,850,1,1,dn,dn,-0.22,-0.32,mv,mv,0.5943,1.1323
1728324900000,855,1,1,dn,dn,-0.04,-1.04,nm,mv,0.107,3.6279
1728325200000,860,1,1,dn,dn,-0.06,-1.1,nm,mv,0.1642,3.8281
1728325500000,865,1,1,dn,dn,-0.94,-1.34,mv,mv,2.7414,4.7361
1728325800000,870,1,1,dn,dn,-0.1,-1.56,nm,mv,0.2675,4.6991
1728326100000,875,1,1,dn,dn,-0.3,-1.37,mv,mv,0.826,3.7479
1728326400000,880,1,1,dn,dn,-1.16,-1.3601,mv,mv,3.7376,3.2983
1728326700000,885,1,1,up,up,0.09,0.14,nm,nm,0.2006,0.2949
1728327000000,890,1,1,dn,up,-0.2901,0.7897,mv,mv,0.6175,1.5473
1728327300000,895,1,1,up,up,0.3401,0.8101,mv,mv,0.7585,1.4946
1728327600000,900,1,1,up,up,0.7397,0.7,mv,mv,1.5786,1.2323
1728327900000,905,1,1,dn,up,-0.2697,0.1553,mv,nm,0.4522,0.2407
1728328200000,910,1,1,up,up,0.23,0.22,mv,nm,0.3867,0.3109
1728328500000,915,1,1,up,dn,0.195,-0.495,mv,mv,0.5468,0.6563
1728328800000,920,1,1,dn,dn,-0.205,-0.685,mv,mv,0.5753,0.899
1728329100000,925,1,1,dn,dn,-0.485,-0.675,mv,mv,1.4285,0.8829
1728329400000,930,1,1,up,dn,0.005,-0.045,nm,nm,0.0124,0.0589
1728329700000,935,1,1,dn,up,-0.195,0.8099,mv,mv,0.7608,1.0581
1728330000000,940,1,1,up,up,0.145,0.605,nm,mv,0.5826,0.7884
1728330300000,945,1,0,up,up,0.8599,0.54,mv,mv,3.6905,0.7069
1728330600000,950,1,0,dn,dn,-0.3999,-0.2099,mv,nm,0.9456,0.2594
1728330900000,955,1,0,up,up,0.08,0.15,nm,nm,0.1794,0.1789
1728331200000,960,1,0,up,up,0.11,0.12,nm,nm,0.2803,0.1429
1728331500000,965,1,0,dn,up,-0.04,0.02,nm,nm,0.1023,0.0246
1728331800000,970,1,0,up,up,0.05,0.051,nm,nm,0.1332,0.0669
1728332100000,975,1,0,up,up,0.01,0.1,nm,nm,0.0266,0.1486
1728332400000,980,1,0,dn,up,-0.009,0.3185,nm,nm,0.0525,0.5454
1728332700000,985,1,0,up,up,0.099,0.359,nm,mv,1.9143,0.7682
1728333000000,990,1,0,up,up,0.2285,0.14,mv,nm,4.1585,0.2994
1728333300000,995,1,0,up,dn,0.0315,-0.0685,nm,nm,0.3552,0.1541
1728333600000,1000,1,0,dn,dn,-0.12,-0.32,nm,nm,1.5145,0.766
1728333900000,1005,1,0,up,dn,0.02,-0.41,nm,mv,0.1879,1.0432
1728334200000,1010,1,0,dn,dn,-0.22,-0.31,mv,nm,2.0746,0.7867
1728334500000,1015,1,0,dn,dn,-0.21,-0.05,mv,nm,1.4494,0.1244
1728334800000,1020,1,0,up,up,0.12,0.17,nm,nm,0.7631,0.4292
1728335100000,1025,1,0,up,up,0.04,0.08,nm,nm,0.3117,0.2186
1728335400000,1030,1,0,up,up,0.01,0.0483,nm,nm,0.0773,0.1505
1728335700000,1035,1,0,up,dn,0.03,-0.06,nm,nm,0.2331,0.1879
1728336000000,1040,1,0,up,dn,0.0083,-0.05,nm,nm,0.0641,0.1847
1728336300000,1045,1,0,dn,up,-0.0983,0.0017,nm,nm,0.9736,0.0072
1728336600000,1050,1,0,up,up,0.04,0.01,nm,nm,0.6232,0.0487
1728336900000,1055,1,0,up,dn,0.06,-0.03,nm,nm,1.2519,0.1508
1728337200000,1060,1,0,dn,up,-0.09,0.12,nm,nm,1.7699,0.6112
1728337500000,1065,1,0,dn,up,0,0.0015,nm,nm,0,0.0077
1728337800000,1070,1,0,up,dn,0.21,-0.0565,mv,nm,3.4708,0.2905
1728338100000,1075,1,0,dn,dn,-0.2085,-0.2,mv,nm,2.0095,1.0195
1728338400000,1080,1,0,dn,dn,-0.058,-0.0015,nm,nm,0.4474,0.0077
1728338700000,1085,1,0,up,dn,0.0665,-0.1016,nm,nm,0.5116,0.5687
1728339000000,1090,1,0,dn,dn,-0.01,-0.19,nm,nm,0.0765,1.2125
1728339300000,1095,1,0,dn,dn,-0.1581,-1.56,nm,mv,1.2534,10.3896
1728339600000,1100,1,0,dn,dn,-0.0219,-0.4919,nm,mv,0.1573,3.2703
1728339900000,1105,1,0,dn,dn,-1.38,-0.47,mv,mv,14.8977,3.3386
1728340200000,1110,1,0,up,up,0.91,0.93,mv,mv,1.8013,2.5377
1728340500000,1115,1,0,dn,dn,0,-0.25,nm,nm,0,0.6685
1728340800000,1120,1,0,up,dn,0.02,-0.44,nm,mv,0.0299,1.1542
1728341100000,1125,1,0,dn,up,-0.27,0.01,mv,nm,0.4031,0.0222
1728341400000,1130,1,0,dn,up,-0.19,0.87,nm,mv,0.2825,1.9372
1728341700000,1135,1,0,up,up,0.47,0.73,mv,mv,0.7001,1.6143
1728342000000,1140,1,0,up,up,0.59,0.55,mv,mv,1.4372,1.2132
1728342300000,1145,1,0,dn,dn,-0.33,-0.21,mv,nm,1.0313,0.4114
1728342600000,1150,1,0,up,up,0.29,0.05,mv,nm,0.8078,0.0918
1728342900000,1155,1,0,dn,dn,-0.17,-0.49,nm,mv,0.4602,0.8711
1728343200000,1160,1,0,dn,dn,-0.07,-0.26,nm,mv,0.1974,0.461
1728343500000,1165,1,0,dn,up,-0.25,0.01,mv,nm,0.7349,0.0178
1728343800000,1170,1,0,up,up,0.06,0.19,nm,nm,0.1842,0.3322
1728344100000,1175,1,0,up,up,0.2,0.44,mv,mv,0.9681,0.7671
1728344400000,1180,1,0,dn,up,-0.07,0.04,nm,nm,0.3628,0.0698
1728344700000,1185,1,0,up,up,0.31,0.52,mv,mv,2.1077,0.9024
1728345000000,1190,1,0,dn,up,-0.2,0.34,mv,mv,1.0778,0.5788
1728345300000,1195,1,0,up,up,0.41,0.69,mv,mv,2.022,1.1768
1728345600000,1200,1,0,up,up,0.13,0.31,nm,mv,0.6143,0.6689
1728345900000,1205,1,0,up,up,0.15,0.22,nm,nm,0.7143,0.496
1728346200000,1210,1,0,up,up,0.03,0.11,nm,nm,0.1442,0.2534
1728346500000,1215,1,0,up,up,0.04,0.23,nm,nm,0.2044,0.5772
1728346800000,1220,1,0,up,up,0.04,0.03,nm,nm,0.2203,0.0779
1728347100000,1225,1,0,up,dn,0.15,-0.25,nm,mv,1.1343,0.7065
1728347400000,1230,1,0,dn,dn,-0.16,-0.34,nm,mv,2.9711,0.9718
1728347700000,1235,1,0,dn,dn,-0.24,-0.07,mv,nm,2.3187,0.2206
1728348000000,1240,1,0,up,dn,0.06,0,nm,nm,0.4503,0
1728348300000,1245,1,0,up,up,0.11,0.13,nm,nm,0.8106,0.4244
1728348600000,1250,1,0,dn,dn,-0.17,-0.25,nm,mv,1.1886,0.8325
1728348900000,1255,1,0,up,dn,0.19,-0.12,mv,nm,1.2444,0.3987
1728349200000,1260,1,0,dn,dn,-0.27,-0.89,mv,mv,1.6715,3.3543
1728349500000,1265,1,0,dn,dn,-0.04,-0.47,nm,mv,0.2224,1.7768
1728349800000,1270,1,0,dn,dn,-0.58,-0.93,mv,mv,3.6345,3.4516
1728350100000,1275,1,0,up,dn,0.15,-0.15,nm,nm,0.587,0.4229
1728350400000,1280,1,0,dn,up,-0.5,0.25,mv,mv,1.9081,0.6903
1728351000000,1290,1,0,up,up,0.2,0.66,mv,mv,0.6693,1.5661
1728351600000,1300,1,0,up,up,0.55,0.37,mv,mv,1.828,0.9268
1728351900000,1305,1,0,dn,dn,-0.09,-0.25,nm,nm,0.2268,0.6337
1728352200000,1310,1,0,dn,dn,-0.09,-0.36,nm,mv,0.2265,0.9201
1728352500000,1315,1,0,dn,dn,-0.07,-0.19,nm,nm,0.2172,0.4812
1728352800000,1320,1,0,dn,dn,-0.2,-0.06,mv,nm,0.6254,0.154
1728353100000,1325,1,0,up,up,0.08,0.3,nm,mv,0.3144,0.7696
1728353400000,1330,1,0,up,up,0.06,0.12,nm,nm,0.2434,0.316
1728353700000,1335,1,0,up,dn,0.16,-0.09,nm,nm,1.6699,0.2382
1728354000000,1340,1,0,dn,dn,-0.1,-0.2,nm,nm,0.8257,0.5108
1728354300000,1345,1,0,dn,up,-0.15,0.14,nm,nm,1.2269,0.357
1728354600000,1350,1,0,up,up,0.05,0.21,nm,nm,0.3791,0.5357
1728354900000,1355,1,0,up,up,0.24,0.42,mv,mv,2.2391,1.0723
1728355200000,1360,1,0,dn,up,-0.08,0.07,nm,nm,0.5894,0.1786
1728355500000,1365,1,0,up,up,0.26,0.06,mv,nm,1.8219,0.1509
1728355800000,1370,1,0,dn,dn,-0.11,-0.04,nm,nm,0.6767,0.0965
1728356100000,1375,1,0,dn,dn,-0.09,-0.13,nm,nm,0.5488,0.3582
1728356400000,1380,1,0,up,dn,0.16,-0.02,mv,nm,1.0395,0.0579
1728357600000,1400,1,0,dn,dn,-0.2,-0.17,mv,nm,1.2511,0.6574
1728357900000,1405,1,0,up,up,0.02,0.12,nm,nm,0.1228,0.4657
1728358200000,1410,1,0,up,up,0.01,0.16,nm,nm,0.0625,0.6282
1728358500000,1415,1,0,up,dn,0.09,-0.19,nm,nm,0.7846,0.8925
1728358800000,1420,1,0,up,dn,0.06,-0.42,nm,mv,0.5124,2.1377
1728359100000,1425,1,0,dn,dn,-0.34,-0.27,mv,mv,3.0506,1.4189
1728359400000,1430,1,0,dn,up,-0.14,0.07,mv,nm,0.8969,0.4004
1728359700000,1435,1,0,up,up,0.21,0.34,mv,mv,1.4137,1.7233
1728360000000,0,1,0,dn,up,0,0.13,nm,nm,0,0.6269
1728360300000,5,1,0,up,up,0.13,0.01,mv,nm,0.7332,0.0512
1728360900000,15,1,0,dn,dn,0,-0.12,nm,nm,0,0.5727
1728361200000,20,1,0,dn,up,-0.12,0.24,mv,mv,0.6692,1.1421
1728362100000,35,1,0,dn,up,0,0.19,nm,mv,0,0.9333
1728362400000,40,1,0,up,dn,0.36,-0.22,mv,mv,3.3983,1.0769
1728363300000,55,1,0,dn,dn,-0.17,-0.57,mv,mv,1.1206,2.767
1728363600000,60,2,0,dn,dn,-0.41,-0.39,mv,mv,2.3468,2.0892
1728363900000,65,2,0,up,up,0.01,0.07,nm,nm,0.0432,0.3636
1728364200000,70,2,0,up,up,0.01,0.03,nm,nm,0.0431,0.1307
1728364500000,75,2,0,up,up,0.05,0.1,nm,nm,0.2165,0.4126
1728364800000,80,2,0,dn,up,-0.03,0.17,nm,nm,0.1288,0.6971
1728365100000,85,2,0,up,up,0.08,0.03,nm,nm,0.5026,0.1227
1728365700000,95,2,0,up,dn,0.12,-0.16,mv,nm,0.7256,0.6522
1728366000000,100,2,0,dn,dn,-0.17,-0.2,mv,mv,3.4229,0.8084
1728366300000,105,2,0,dn,dn,-0.11,-0.05,nm,nm,1.1748,0.2054
1728366600000,110,2,0,up,dn,0.08,-0.19,nm,mv,0.771,0.7835
1728366900000,115,2,0,dn,dn,-0.02,-0.32,nm,mv,0.1866,1.4016
1728368100000,135,2,0,dn,up,-0.25,0.12,mv,nm,2.3392,0.5431
1728368400000,140,2,0,dn,up,-0.05,0.15,nm,nm,0.3793,0.6721
1728368700000,145,2,0,up,dn,0.42,-0.06,mv,nm,3.953,0.2818
1728369000000,150,2,0,dn,dn,-0.22,-0.08,mv,nm,1.0579,0.3767
1728369300000,155,2,0,dn,dn,-0.26,-0.14,mv,mv,1.1699,0.6432
1728370800000,180,2,0,up,dn,0.4,-0.05,mv,nm,1.696,0.2302
1728371100000,185,2,0,dn,dn,-0.28,-0.4,mv,mv,0.9537,1.9534
1728371400000,190,2,0,dn,up,-0.17,0.22,mv,mv,0.5702,1.1305
1728371700000,195,2,0,up,up,0.05,0.55,nm,mv,0.164,2.8584
1728372000000,200,2,0,up,up,0.34,0.89,mv,mv,1.413,5.1914
1728372300000,205,2,0,up,up,0.16,0.96,mv,mv,0.583,5.7744
1728372600000,210,2,0,up,up,0.39,0.48,mv,mv,1.5719,2.245
1728372900000,215,2,0,up,dn,0.41,-0.03,mv,nm,1.6667,0.1006
1728373200000,220,2,0,dn,dn,-0.32,-0.44,mv,mv,1.5351,1.2013
1728373500000,225,2,0,dn,up,-0.12,0.05,mv,nm,0.471,0.1325
1728373800000,230,2,0,dn,dn,0,-0.08,nm,nm,0,0.2116
1728374100000,235,2,0,up,dn,0.17,-0.08,mv,nm,0.6444,0.2032
1728374400000,240,2,0,dn,up,-0.25,0.11,mv,nm,0.9459,0.2836
1728374700000,245,2,0,dn,dn,0,0,nm,nm,0,0
1728375000000,250,2,0,up,up,0.36,0.04,mv,nm,2.1833,0.1039
1728375300000,255,2,0,dn,dn,-0.36,-0.38,mv,mv,1.8342,1.0229
1728375600000,260,2,0,up,up,0.04,0.34,nm,mv,0.1657,0.9127
1728375900000,265,2,0,dn,up,-0.06,0.39,nm,mv,0.2477,1.0462
1728376200000,270,2,0,up,up,0.36,0.56,mv,mv,1.5718,1.4444
1728376500000,275,2,0,up,up,0.09,0.22,nm,mv,0.3601,0.565
1728377100000,285,2,0,up,up,0.11,0.75,nm,mv,0.4422,1.9272
1728377400000,290,2,0,up,up,0.02,0.65,nm,mv,0.0927,1.6357
1728377700000,295,2,0,up,up,0.62,0.46,mv,mv,4.729,1.2367
1728378000000,300,2,0,up,up,0.01,0.43,nm,mv,0.0432,1.0971
1728378300000,305,2,0,dn,up,-0.17,0.49,mv,mv,0.7724,1.2344
1728378600000,310,2,0,up,up,0.59,0.8,mv,mv,2.419,2.1652
1728378900000,315,2,0,up,up,0.07,0.13,nm,nm,0.2329,0.3959
1728379200000,320,2,0,up,up,0.14,0.03,nm,nm,0.4623,0.0912
1728379500000,325,2,0,dn,up,-0.08,0.06,nm,nm,0.2714,0.1706
1728379800000,330,2,0,dn,up,-0.03,0.03,nm,nm,0.1232,0.096
1728380100000,335,2,0,up,up,0.17,0.17,mv,nm,0.6905,0.5425
1728380400000,340,2,0,dn,dn,-0.11,-0.09,nm,nm,0.5042,0.2939
1728380700000,345,2,0,up,up,0.11,0.11,nm,nm,1.0292,0.3666
1728381000000,350,2,0,dn,up,-0.09,0.1,nm,nm,0.8141,0.335
1728381300000,355,2,0,up,up,0.09,0.27,nm,mv,0.8432,0.8883
1728381600000,360,2,0,up,up,0.1,0.07,nm,nm,0.9468,0.2324
1728381900000,365,2,0,up,dn,0.08,-0.2,nm,mv,0.7562,0.7708
1728382200000,370,2,0,dn,dn,-0.11,-0.17,nm,nm,1.1885,0.655
1728382500000,375,2,0,dn,dn,-0.17,-0.45,mv,mv,1.8367,1.7026
1728382800000,380,2,0,up,dn,0.11,-0.26,nm,mv,1.0046,0.9342
1728383100000,385,2,0,dn,dn,-0.39,-0.5,mv,mv,3.4668,1.6982
1728383400000,390,2,0,up,up,0.02,0.28,nm,mv,0.1102,0.9204
1728383700000,395,2,0,dn,up,-0.13,0.49,nm,mv,0.7575,1.666
1728384000000,400,2,0,up,up,0.39,0.74,mv,mv,2.4858,2.3696
1728384300000,405,2,0,up,up,0.23,0.3,mv,mv,0.942,0.9865
1728384600000,410,2,0,up,up,0.12,0.03,nm,nm,0.4783,0.0986
1728384900000,415,2,0,dn,dn,-0.05,-0.39,nm,mv,0.1989,1.3172
1728385200000,420,2,0,dn,dn,-0.04,-0.16,nm,nm,0.229,0.531
1728385500000,425,2,0,dn,dn,-0.3,-0.29,mv,mv,1.6627,0.9625
1728385800000,430,2,0,up,up,0.18,0.22,mv,mv,0.8144,0.6918
1728386100000,435,2,0,dn,up,-0.17,0.32,mv,mv,0.954,0.997
1728386400000,440,2,0,up,up,0.21,0.28,mv,mv,1.2919,0.8584
1728386700000,445,2,0,up,up,0.28,0.02,mv,nm,1.5544,0.0607
1728387000000,450,2,0,dn,dn,-0.21,-0.15,mv,nm,0.9879,0.4458
1728387300000,455,2,0,dn,up,-0.05,0.07,nm,nm,0.2172,0.2051
1728387600000,460,2,0,up,up,0.11,0.08,nm,nm,0.5734,0.2379
1728387900000,465,2,0,up,up,0.01,0.09,nm,nm,0.0541,0.2661
1728388200000,470,2,0,dn,dn,-0.04,-0.2485,nm,mv,0.2443,0.7424
1728388500000,475,2,0,up,dn,0.12,-0.25,nm,mv,0.7938,0.7537
1728388800000,480,2,0,dn,dn,-0.3285,-0.4,mv,mv,2.954,1.2896
1728389100000,485,2,0,dn,up,-0.0415,0.0278,nm,nm,0.2784,0.0898
1728389400000,490,2,0,dn,dn,-0.03,-0.05,nm,nm,0.2015,0.1732
1728389700000,495,2,0,up,up,0.0993,0.06,nm,nm,0.7313,0.1973
1728390000000,500,2,0,dn,up,-0.1193,0.0807,nm,nm,0.8159,0.2841
1728390300000,505,2,0,up,up,0.08,0.01,nm,nm,0.5353,0.0448
1728390600000,510,2,0,up,dn,0.12,-0.06,mv,nm,0.8424,0.2855
1728390900000,515,2,0,dn,dn,-0.19,-0.059,mv,nm,2.1806,0.2791
1728391200000,520,2,0,up,up,0.01,0.04,nm,nm,0.0857,0.2067
1728391500000,525,2,1,up,up,0.121,0.15,mv,nm,1.0408,0.7864
1728391800000,530,2,1,dn,dn,-0.091,-0.021,nm,nm,0.761,0.1174
1728392100000,535,2,1,up,up,0.12,0.2004,mv,mv,1.0425,1.1696
1728392400000,540,2,1,dn,up,-0.05,0.26,nm,mv,0.4163,1.6549
1728392700000,545,2,1,up,up,0.1304,0.182,mv,mv,1.1667,1.3034
1728393000000,550,2,1,up,up,0.1796,0.5096,mv,mv,2.0229,3.4135
1728393300000,555,2,1,dn,dn,-0.128,-0.36,mv,mv,1.2688,2.2606
1728393600000,560,2,1,up,dn,0.458,-0.302,mv,mv,3.8143,1.8412
1728393900000,565,2,1,dn,dn,-0.69,-0.48,mv,mv,3.7033,2.3952
1728394200000,570,2,1,dn,up,-0.07,0.32,nm,mv,0.1977,1.4646
1728394500000,575,2,1,up,up,0.28,0.7401,mv,mv,0.7899,3.3303
1728394800000,580,2,1,up,up,0.11,0.7803,nm,mv,0.298,3.224
1728395100000,585,2,1,up,up,0.3501,1.1516,mv,mv,0.9604,4.9231
1728395400000,590,2,1,up,up,0.3202,0.5949,mv,mv,0.84,2.0864
1728395700000,595,2,1,up,dn,0.4813,-0.1113,mv,nm,1.3335,0.3409
1728396000000,600,2,1,dn,dn,-0.2066,-0.4916,mv,mv,1.1573,1.2192
1728396300000,605,2,1,dn,dn,-0.386,-0.445,mv,mv,1.7471,1.0758
1728396600000,610,2,1,up,up,0.101,0.231,nm,mv,0.3232,0.553
1728396900000,615,2,1,dn,up,-0.16,0.3699,mv,mv,0.512,0.8344
1728397200000,620,2,1,up,up,0.29,0.5,mv,mv,0.951,1.0801
1728397500000,625,2,1,up,up,0.2399,1.07,mv,mv,0.799,2.3139
1728397800000,630,2,1,dn,up,-0.0299,0.9001,nm,mv,0.121,1.9363
1728398100000,635,2,1,up,up,0.86,0.715,mv,mv,3.6847,1.5277
1728398400000,640,2,1,up,dn,0.07,-0.12,nm,nm,0.215,0.236
1728398700000,645,2,1,dn,dn,-0.215,-0.01,mv,nm,0.6563,0.0189
1728399000000,650,2,1,up,up,0.025,0.0649,nm,nm,0.0739,0.1207
1728399300000,655,2,1,up,dn,0.18,-0.29,mv,mv,0.5272,0.5325
1728399600000,660,2,1,dn,dn,-0.1401,-0.425,nm,mv,0.4124,0.8059
1728399900000,665,2,1,dn,dn,-0.3299,-0.2899,mv,mv,0.9381,0.5679
1728400200000,670,2,1,up,up,0.045,0.32,nm,mv,0.2566,0.6457
1728400500000,675,2,1,dn,up,-0.005,0.195,nm,nm,0.029,0.3714
1728400800000,680,2,1,up,up,0.28,0.3,mv,mv,1.7415,0.5671
1728401100000,685,2,1,dn,up,-0.08,0.07,nm,nm,0.399,0.1365
1728401400000,690,2,1,up,up,0.1,0.16,nm,nm,0.539,0.3486
1728401700000,695,2,1,up,up,0.05,0.3905,nm,mv,0.2701,0.8715
1728402000000,700,2,1,up,up,0.01,0.365,nm,mv,0.09,0.8214
1728402300000,705,2,1,up,dn,0.3305,-0.13,mv,nm,2.9285,0.3121
1728402600000,710,2,1,up,dn,0.0245,-0.5805,nm,mv,0.1683,1.4906
1728402900000,715,2,1,dn,dn,-0.485,-0.565,mv,mv,3.8087,1.4463
1728403200000,720,2,1,dn,up,-0.12,0.02,nm,nm,0.4916,0.0503
1728403500000,725,2,1,up,up,0.04,0.015,nm,nm,0.1642,0.0349
1728403800000,730,2,1,up,up,0.1,0.32,nm,mv,0.4114,0.8049
1728404100000,735,2,1,dn,up,-0.125,0.17,nm,nm,0.504,0.4981
1728404400000,740,2,1,up,up,0.345,0.385,mv,mv,1.7849,1.3022
1728404700000,745,2,1,dn,up,-0.05,0.01,nm,nm,0.1972,0.0328
1728405000000,750,2,1,up,dn,0.09,-0.25,nm,mv,0.5561,0.8125
1728405300000,755,2,1,dn,dn,-0.03,-0.18,nm,nm,0.2037,0.5632
1728405600000,760,2,1,dn,dn,-0.31,-0.17,mv,nm,2.0441,0.5476
1728405900000,765,2,1,up,dn,0.16,-0.21,mv,nm,0.798,0.7041
1728406200000,770,2,1,dn,dn,-0.02,-1.0999,nm,mv,0.0989,3.7632
1728406500000,775,2,1,dn,dn,-0.35,-0.6,mv,mv,2.3839,2.0743
1728406800000,780,2,1,dn,dn,-0.7299,-0.52,mv,mv,3.8263,1.7855
1728407100000,785,2,1,up,up,0.4799,0.4599,mv,mv,1.6538,1.2204
1728407400000,790,2,1,dn,dn,-0.27,-0.05,mv,nm,0.6937,0.127
1728407700000,795,2,1,up,up,0.25,0.36,mv,mv,0.6471,0.9027
1728408000000,800,2,1,dn,up,-0.03,0.0301,nm,nm,0.0753,0.0745
1728408300000,805,2,1,up,up,0.14,0.22,nm,nm,0.3516,0.5698
1728408600000,810,2,1,dn,dn,-0.0799,0,nm,nm,0.2046,0
1728408900000,815,2,1,up,up,0.1599,0.2099,mv,nm,0.6596,0.5363
1728409200000,820,2,1,dn,up,-0.08,0.3057,nm,mv,0.458,0.802
1728409500000,825,2,1,up,up,0.13,0.48,nm,mv,1.0082,1.26
1728409800000,830,2,1,up,up,0.2557,0.31,mv,mv,2.4352,0.8037
1728410100000,835,2,1,up,up,0.0943,0.1685,nm,nm,0.7527,0.4377
1728410400000,840,2,1,dn,up,-0.04,0.09,nm,nm,0.3246,0.2244
1728410700000,845,2,1,up,up,0.1142,0.12,nm,nm,0.9909,0.3022
1728411000000,850,2,1,up,up,0.0158,0.0359,nm,nm,0.1416,0.0898
1728411300000,855,2,1,dn,up,-0.01,0.06,nm,nm,0.1075,0.1511
1728411600000,860,2,1,up,up,0.0301,0.65,nm,mv,0.305,1.6421
1728411900000,865,2,1,up,up,0.0399,0.4135,nm,mv,0.732,1.0507
1728412200000,870,2,1,up,up,0.58,0.47,mv,mv,12.1205,1.2059
1728412500000,875,2,1,dn,up,-0.2064,0.02,mv,nm,1.0042,0.0658
1728412800000,880,2,1,up,up,0.0964,0.3564,nm,mv,0.4002,1.4066
1728413100000,885,2,1,up,up,0.13,0.08,nm,nm,0.5429,0.4105
1728413400000,890,2,1,up,dn,0.13,-0.1,nm,nm,0.5519,0.5169
1728413700000,895,2,1,dn,dn,-0.18,-0.16,mv,nm,0.7735,0.8668
1728414000000,900,2,1,dn,up,-0.05,0.34,nm,mv,0.1927,1.8327
1728414300000,905,2,1,up,up,0.07,0.37,nm,mv,0.496,1.8956
1728414600000,910,2,1,up,up,0.32,0.3,mv,mv,2.8346,1.4063
1728414900000,915,2,1,dn,up,-0.02,0.42,nm,mv,0.1279,1.9975
1728415200000,920,2,1,dn,up,0,0.74,nm,mv,0,3.4698
1728415500000,925,2,1,up,up,0.44,0.55,mv,mv,2.8874,2.5804
1728415800000,930,2,1,up,up,0.3,0.13,mv,nm,1.6131,0.6204
1728416100000,935,2,1,dn,dn,-0.19,-0.06,mv,nm,1.0793,0.2492
1728416400000,940,2,1,up,dn,0.02,-0.28,nm,mv,0.0891,1.1207
1728416700000,945,2,0,up,dn,0.11,-0.69,nm,mv,0.5185,2.777
1728417000000,950,2,0,dn,dn,-0.41,-0.51,mv,mv,1.9883,1.9797
1728417300000,955,2,0,dn,dn,-0.39,-0.05,mv,nm,1.3673,0.1775
1728417600000,960,2,0,up,up,0.29,0.17,mv,nm,1.1141,0.4832
1728417900000,965,2,0,up,dn,0.05,-0.1205,nm,nm,0.194,0.3267
1728418200000,970,2,0,dn,dn,-0.17,-0.08,mv,nm,0.6575,0.2195
1728418500000,975,2,0,dn,up,-0.0005,0.09,nm,nm,0.0019,0.2541
1728418800000,980,2,0,up,up,0.0905,0.1705,nm,nm,0.3647,0.4774
1728419100000,985,2,0,dn,up,0,0.16,nm,nm,0,0.4538
1728419400000,990,2,0,up,up,0.08,0.15,nm,nm,0.5844,0.4254
1728419700000,995,2,0,up,dn,0.08,-0.01,nm,nm,0.9179,0.0285
1728420000000,1000,2,0,dn,dn,-0.01,-0.26,nm,mv,0.1109,0.7492
1728420300000,1005,2,0,dn,dn,-0.08,-0.35,nm,mv,1.8281,1.0228
1728420600000,1010,2,0,dn,dn,-0.17,-0.22,mv,mv,2.7341,0.656
1728420900000,1015,2,0,dn,dn,-0.1,-0.1,nm,nm,1.1355,0.2962
1728421200000,1020,2,0,up,up,0.05,0.17,nm,nm,0.5395,0.5088
1728421500000,1025,2,0,dn,up,-0.05,0.1,nm,nm,0.5743,0.3545
1728421800000,1030,2,0,up,up,0.17,0.1,mv,nm,2.4537,0.4182
1728422100000,1035,2,0,dn,dn,-0.02,-0.15,nm,nm,0.1803,0.6213
1728422400000,1040,2,0,dn,dn,-0.05,-0.09,nm,nm,0.4603,0.3663
1728422700000,1045,2,0,dn,up,-0.08,0.02,nm,nm,0.9058,0.0816
1728423000000,1050,2,0,up,up,0.04,0.06,nm,nm,0.4718,0.3071
1728423300000,1055,2,0,up,up,0.06,0.06,nm,nm,0.7147,0.3753
1728423600000,1060,2,0,dn,dn,-0.04,0,nm,nm,0.4839,0
1728423900000,1065,2,0,up,dn,0.04,-0.03,nm,nm,0.8068,0.1939
1728424200000,1070,2,0,dn,dn,0,-0.102,nm,nm,0,0.6634
1728424500000,1075,2,0,dn,dn,-0.07,-0.0497,nm,nm,1.4126,0.3252
1728424800000,1080,2,0,dn,dn,-0.032,-0.02,nm,nm,0.6835,0.1323
1728425100000,1085,2,0,up,up,0.0523,0.032,nm,nm,1.1491,0.2198
1728425400000,1090,2,0,dn,dn,-0.0403,-0.0703,nm,nm,0.9226,0.5081
1728425700000,1095,2,0,up,dn,0.02,-0.13,nm,nm,0.4575,0.9944
1728426000000,1100,2,0,dn,dn,-0.05,-0.2,nm,mv,1.233,1.5178
1728426300000,1105,2,0,dn,dn,-0.1,-0.09,nm,nm,2.3588,0.7412
1728426600000,1110,2,0,dn,dn,-0.05,-0.02,nm,nm,1.0159,0.2042
1728426900000,1115,2,0,up,up,0.06,0.1096,nm,nm,1.1978,1.1439
1728427200000,1120,2,0,dn,up,-0.03,0.19,nm,mv,0.5748,1.9918
1728427500000,1125,2,0,up,up,0.0796,0.29,nm,mv,1.5343,3.4793
1728427800000,1130,2,0,up,up,0.1404,0.0604,mv,nm,2.1983,0.7172
1728428100000,1135,2,0,up,dn,0.07,-0.08,nm,nm,0.8429,0.8511
1728428400000,1140,2,0,dn,dn,-0.15,-0.18,mv,mv,2.2876,1.5809
1728428700000,1145,2,0,dn,dn,0,-0.05,nm,nm,0,0.4439
1728429000000,1150,2,0,dn,dn,-0.03,-0.1,nm,nm,0.3212,0.8752
1728429300000,1155,2,0,dn,dn,-0.02,-0.16,nm,mv,0.2142,1.3291
1728429600000,1160,2,0,dn,dn,-0.05,-0.04,nm,nm,0.5567,0.3352
1728429900000,1165,2,0,dn,dn,-0.09,-0.02,mv,nm,1.3725,0.1658
1728430200000,1170,2,0,up,up,0.1,0.06,mv,nm,1.9912,0.4816
1728430500000,1175,2,0,dn,dn,-0.03,-0.0499,nm,nm,0.5126,0.4043
1728431100000,1185,2,0,dn,up,-0.01,0.05,nm,nm,0.1715,0.4054
1728431400000,1190,2,0,dn,up,-0.0099,0.07,nm,nm,0.1701,0.5603
1728431700000,1195,2,0,up,up,0.0699,0.0799,mv,nm,1.2002,0.6425
1728432000000,1200,2,0,up,dn,0.01,-0.04,nm,nm,0.1583,0.3198
1728432300000,1205,2,0,dn,dn,0,-0.1,nm,mv,0,0.8086
1728432600000,1210,2,0,dn,dn,-0.05,-0.06,mv,nm,1.5899,0.5171
1728432900000,1215,2,0,dn,dn,-0.05,-0.01,mv,nm,1.3987,0.0875
1728433200000,1220,2,0,up,up,0.04,0.04,nm,nm,0.983,0.3423
1728433800000,1230,2,0,dn,dn,0,-0.03,nm,nm,0,0.2612
1728434400000,1240,2,0,dn,dn,0,-0.02,nm,nm,0,0.1909
1728434700000,1245,2,0,dn,up,-0.03,0.05,nm,nm,0.9487,0.6586
1728435300000,1255,2,0,up,up,0.01,0.12,nm,mv,0.3123,1.6499
1728435600000,1260,2,0,up,up,0.07,0.07,mv,mv,2.4371,0.9731
1728436200000,1270,2,0,up,dn,0.04,0,mv,nm,1.2494,0
1728436800000,1280,2,0,dn,dn,-0.04,0,mv,nm,1.2494,0
1728437100000,1285,2,0,dn,up,0,0.23,nm,mv,0,3.2994
1728437400000,1290,2,0,up,up,0.04,0.05,mv,nm,1.0515,0.8641
1728437700000,1295,2,0,up,up,0.19,0.14,mv,mv,5.4102,2.4701
1728438000000,1300,2,0,dn,dn,-0.18,-0.48,mv,mv,2.5123,6.4073
1728438300000,1305,2,0,up,dn,0.13,-0.55,mv,mv,1.1795,7.3634
1728438900000,1315,2,0,dn,dn,-0.43,-0.58,mv,mv,3.6057,7.5568
1728439200000,1320,2,0,dn,dn,-0.25,-0.19,mv,mv,1.1975,1.351
1728439500000,1325,2,0,up,up,0.1,0.4,mv,mv,0.4527,2.1216
1728439800000,1330,2,0,dn,up,-0.04,0.04,nm,nm,0.1758,0.1781
1728440100000,1335,2,0,up,up,0.34,0.08,mv,nm,1.7236,0.3535
1728440400000,1340,2,0,dn,dn,-0.26,-0.43,mv,mv,1.0228,1.7151
1728440700000,1345,2,0,dn,dn,0,-0.18,nm,mv,0,0.7159
1728441000000,1350,2,0,dn,dn,-0.17,-0.19,mv,mv,0.8242,0.7514
1728441300000,1355,2,0,dn,dn,-0.01,-0.02,nm,nm,0.0518,0.0747
1728441600000,1360,2,0,dn,dn,-0.01,-0.06,nm,nm,0.0534,0.2232
1728442200000,1370,2,0,dn,dn,0,0,nm,nm,0,0
1728442500000,1375,2,0,dn,dn,-0.05,-0.06,nm,nm,0.4881,0.2234
1728442800000,1380,2,0,up,up,0.05,0.24,nm,mv,0.8257,0.9086
1728443100000,1385,2,0,dn,up,-0.06,0.19,nm,mv,0.877,0.7246
1728443400000,1390,2,0,up,up,0.25,0.31,mv,mv,6.9636,1.1862
1728444000000,1400,2,0,dn,dn,0,-0.13,nm,mv,0,0.4779
1728444300000,1405,2,0,up,dn,0.06,-0.04,nm,nm,0.5761,0.1484
1728444600000,1410,2,0,dn,dn,-0.19,-0.15,mv,mv,1.8356,0.5296
1728444900000,1415,2,0,up,up,0.09,0.12,mv,mv,0.6762,0.4307
1728445200000,1420,2,0,dn,dn,-0.05,-0.02,nm,nm,0.369,0.0763
1728445500000,1425,2,0,up,dn,0.08,-0.1,mv,nm,0.5948,0.4244
1728445800000,1430,2,0,dn,dn,-0.05,-0.17,nm,mv,0.5144,0.8559
1728446100000,1435,2,0,dn,up,-0.13,0.01,mv,nm,1.3154,0.0517
1728446400000,0,2,0,up,up,0.01,0.05,nm,nm,0.0983,0.2954
1728446700000,5,2,0,up,dn,0.13,-0.01,mv,nm,1.6764,0.0582
1728447000000,10,2,0,dn,up,-0.09,0.04,mv,nm,1.036,0.2354
1728447600000,20,2,0,dn,dn,-0.05,-0.05,nm,nm,0.5451,0.3531
1728448200000,30,2,0,up,dn,0.18,-0.03,mv,nm,2.1617,0.2213
1728448500000,35,2,0,dn,dn,-0.18,-0.32,mv,mv,1.5943,2.5031
1728448800000,40,2,0,dn,dn,-0.03,-0.14,nm,mv,0.2417,1.0901
1728449100000,45,2,0,dn,up,-0.11,0.23,mv,mv,0.8839,1.801
1728449400000,50,2,0,dn,up,0,0.24,nm,mv,0,1.6152
1728449700000,55,2,0,up,dn,0.34,-0.01,mv,nm,3.0557,0.0661
1728450000000,60,3,0,dn,dn,-0.1,-0.3,mv,mv,0.5668,1.995
1728450300000,65,3,0,dn,dn,-0.25,-0.08,mv,nm,1.4855,0.5179
1728450600000,70,3,0,up,dn,0.05,0,nm,nm,0.2757,0
1728450900000,75,3,0,up,up,0.12,0.2,mv,mv,0.6542,1.3682
1728451500000,85,3,0,dn,up,-0.17,0.02,mv,nm,0.9294,0.1365
1728451800000,90,3,0,up,up,0.25,0.05,mv,nm,1.2662,0.3468
1728452100000,95,3,0,dn,dn,-0.06,-0.15,nm,mv,0.3472,1.0009
1728452400000,100,3,0,dn,dn,-0.14,-0.18,mv,mv,0.8226,1.1982
1728453300000,115,3,0,up,dn,0.05,-0.18,nm,mv,0.3383,1.2008
1728453600000,120,3,0,dn,dn,-0.09,-0.28,mv,mv,0.6089,1.8815
1728453900000,125,3,0,dn,dn,-0.14,-0.24,mv,mv,0.9861,1.5644
1728454200000,130,3,0,dn,dn,-0.05,-0.12,nm,nm,0.3642,0.7681
1728454500000,135,3,0,dn,dn,-0.05,-0.12,nm,nm,0.7733,0.7247
1728454800000,140,3,0,dn,dn,-0.02,-0.13,nm,mv,0.3074,0.7679
1728455100000,145,3,0,dn,dn,-0.05,-0.11,nm,nm,0.8533,0.6484
1728455400000,150,3,0,dn,up,-0.06,0.11,nm,nm,1.555,0.6483
1728455700000,155,3,0,dn,up,0,0.27,nm,mv,0,1.6893
1728456000000,160,3,0,up,up,0.17,0.12,mv,mv,8.0387,0.7537
1728456300000,165,3,0,up,dn,0.1,-0.21,mv,mv,1.2585,1.4102
1728456900000,175,3,0,dn,dn,-0.15,-0.51,mv,mv,1.79,3.3439
1728457200000,180,3,0,dn,dn,-0.16,-0.2,mv,mv,1.5087,1.2648
1728457500000,185,3,0,dn,dn,-0.2,-0.14,mv,mv,1.6428,0.9221
1728457800000,190,3,0,up,up,0.16,0.06,mv,nm,1.1438,0.3261
1728458100000,195,3,0,dn,dn,-0.1,-0.01,mv,nm,0.6292,0.0541
1728458400000,200,3,0,dn,up,0,0.26,nm,mv,0,1.5224
1728458700000,205,3,0,up,up,0.09,0.09,mv,nm,0.7351,0.5211
1728459600000,220,3,0,up,up,0.17,0.48,mv,mv,1.3042,2.8205
1728459900000,225,3,0,dn,up,-0.17,0.26,mv,mv,1.2544,1.3692
1728460200000,230,3,0,up,up,0.48,0.39,mv,mv,3.7606,2.0229
1728460800000,240,3,0,dn,dn,-0.05,-0.39,nm,mv,0.2359,1.7056
1728461100000,245,3,0,dn,dn,-0.04,-0.38,nm,mv,0.1945,1.6498
1728461400000,250,3,0,dn,dn,-0.3,-0.46,mv,mv,1.4356,1.9163
1728461700000,255,3,0,dn,up,-0.04,0.02,nm,nm,0.1587,0.0779
1728462000000,260,3,0,dn,up,-0.12,0.2,mv,mv,0.495,0.7391
1728462300000,265,3,0,up,up,0.18,0.46,mv,mv,0.7565,1.5907
1728462600000,270,3,0,up,up,0.14,0.36,mv,mv,0.9913,1.2479
1728462900000,275,3,0,up,up,0.14,0.05,mv,nm,0.8733,0.1716
1728463200000,280,3,0,up,up,0.08,0.03,nm,nm,0.465,0.0986
1728463500000,285,3,0,dn,up,-0.17,0.07,mv,nm,1.5746,0.2227
1728463800000,290,3,0,up,up,0.12,0.27,mv,mv,0.8827,0.8721
1728464100000,295,3,0,up,up,0.12,0.11,mv,nm,1.031,0.392
1728464400000,300,3,0,up,up,0.03,0.31,nm,mv,0.2729,1.1337
1728464700000,305,3,0,dn,up,-0.04,0.22,nm,mv,0.377,0.8099
1728465000000,310,3,0,up,up,0.32,0.38,mv,mv,3.1147,1.3996
1728465300000,315,3,0,dn,up,-0.06,0.03,nm,nm,0.3949,0.1094
1728465600000,320,3,0,up,up,0.12,0.18,mv,mv,0.9424,0.659
1728466200000,330,3,0,dn,up,-0.03,0.14,nm,nm,0.2356,0.5007
1728466500000,335,3,0,up,up,0.09,0.2,nm,mv,0.6819,0.7484
1728466800000,340,3,0,up,up,0.08,0.09,nm,nm,0.6067,0.3392
1728467100000,345,3,0,up,dn,0.03,-0.19,nm,mv,0.244,0.7413
1728467400000,350,3,0,dn,up,-0.02,0.03,nm,nm,0.3069,0.1308
1728467700000,355,3,0,dn,up,-0.2,0.18,mv,mv,3.5588,0.9238
1728468000000,360,3,0,up,up,0.25,0.54,mv,mv,2.5812,3.5186
1728468300000,365,3,0,up,up,0.13,0.21,mv,mv,0.9624,1.3728
1728468600000,370,3,0,up,up,0.16,0.09,mv,nm,1.156,0.5891
1728468900000,375,3,0,dn,dn,-0.08,-0.05,nm,nm,0.5523,0.3082
1728469500000,385,3,0,up,up,0.01,0.11,nm,nm,0.065,0.7059
1728469800000,390,3,0,up,up,0.02,0.19,nm,mv,0.1312,1.2294
1728470100000,395,3,0,up,up,0.08,0.25,nm,mv,0.7309,1.5693
1728470400000,400,3,0,up,dn,0.09,-0.1,mv,nm,1.1201,0.6314
1728470700000,405,3,0,up,dn,0.08,-0.17,nm,mv,1.0638,1.0878
1728471000000,410,3,0,dn,dn,-0.27,-0.38,mv,mv,4.5494,2.4145
1728471300000,415,3,0,up,up,0.02,0.04,nm,nm,0.1595,0.2442
1728471600000,420,3,0,dn,dn,-0.13,0,mv,nm,1.0357,0
1728471900000,425,3,0,up,up,0.15,0.13,mv,nm,1.1166,0.6548
1728472200000,430,3,0,dn,dn,-0.02,-0.17,nm,mv,0.1377,0.8568
1728472500000,435,3,0,dn,dn,0,-0.2,nm,mv,0,1.013
1728472800000,440,3,0,dn,dn,-0.15,-0.21,mv,mv,1.1466,1.0647
1728473100000,445,3,0,dn,up,-0.05,0.14,nm,nm,0.5005,0.6954
1728473400000,450,3,0,dn,up,-0.01,0.17,nm,mv,0.1016,0.8153
1728473700000,455,3,0,up,up,0.2,0.14,mv,mv,2.2613,0.6675
1728474000000,460,3,0,dn,dn,-0.02,-0.24,nm,mv,0.1916,1.1357
1728474300000,465,3,0,dn,up,-0.04,0.04,nm,nm,0.3833,0.1896
1728474600000,470,3,0,dn,up,-0.18,0.1515,mv,mv,1.7126,0.8696
1728474900000,475,3,0,up,up,0.26,0.27,mv,mv,2.3204,1.5334
1728475200000,480,3,0,up,up,0.0715,0.06,nm,nm,0.4771,0.3433
1728475500000,485,3,0,dn,dn,-0.0615,-0.1515,nm,mv,0.4131,0.8476
1728475800000,490,3,0,up,up,0.05,0.06,nm,nm,0.368,0.3191
1728476100000,495,3,0,dn,dn,-0.14,-0.08,mv,nm,1.0278,0.4368
1728476400000,500,3,0,up,up,0.15,0.15,mv,mv,1.0152,0.8568
1728476700000,505,3,0,dn,dn,-0.09,-0.28,mv,mv,0.6871,1.5983
1728477000000,510,3,0,up,dn,0.09,-0.27,mv,mv,0.8888,1.5695
1728477300000,515,3,0,dn,dn,-0.28,-0.18,mv,mv,2.6988,1.1945
1728477600000,520,3,0,dn,up,-0.08,0.19,mv,mv,0.5411,1.151
1728477900000,525,3,1,up,up,0.18,0.43,mv,mv,1.2588,2.4406
1728478200000,530,3,1,up,up,0.09,0.45,mv,mv,0.5586,2.5538
1728478500000,535,3,1,up,up,0.16,0.28,mv,mv,1.0469,1.5559
1728478800000,540,3,1,up,up,0.2,0.4,mv,mv,1.2454,1.9965
1728479100000,545,3,1,dn,up,-0.08,0.152,mv,mv,0.4635,0.7086
1728479400000,550,3,1,up,dn,0.28,-0.05,mv,nm,2.3939,0.2275
1728479700000,555,3,1,dn,dn,-0.048,-0.51,nm,mv,0.4263,2.2
1728480000000,560,3,1,dn,dn,-0.282,-0.2258,mv,mv,2.18,0.9732
1728480300000,565,3,1,dn,dn,-0.18,-0.01,mv,nm,0.9328,0.0452
1728480600000,570,3,1,up,up,0.2362,0.475,mv,mv,1.1884,1.8228
1728480900000,575,3,1,dn,up,-0.0662,0.3937,nm,mv,0.3218,1.4721
1728481200000,580,3,1,up,up,0.305,0.372,mv,mv,1.4877,1.422
1728481500000,585,3,1,up,up,0.1549,0.1258,mv,nm,0.734,0.4471
1728481800000,590,3,1,dn,up,-0.0879,0.0902,mv,nm,0.4037,0.3135
1728482100000,595,3,1,up,up,0.0588,0.298,nm,mv,0.3258,1.0083
1728482400000,600,3,1,up,up,0.1193,0.2091,mv,mv,0.8161,0.7147
1728482700000,605,3,1,up,up,0.1199,0.2499,mv,mv,0.8945,0.8547
1728483000000,610,3,1,dn,up,-0.0301,0.28,nm,mv,0.2575,0.9994
1728483300000,615,3,1,up,up,0.1601,0.3401,mv,mv,1.8285,1.2944
1728483600000,620,3,1,up,up,0.15,0.3661,mv,mv,1.6939,1.4648
1728483900000,625,3,1,up,up,0.03,0.0997,nm,nm,0.4609,0.3974
1728484200000,630,3,1,up,up,0.1861,0.2504,mv,mv,2.7109,1.0141
1728484500000,635,3,1,dn,up,-0.1164,0.1339,mv,nm,1.5089,0.5519
1728484800000,640,3,1,up,up,0.1807,0.6863,mv,mv,1.6261,2.8362
1728485100000,645,3,1,up,up,0.0696,0.7895,nm,mv,0.6365,3.3391
1728485400000,650,3,1,up,up,0.436,0.81,mv,mv,4.1133,3.4247
1728485700000,655,3,1,up,up,0.2839,0.534,mv,mv,1.6685,2.0604
1728486000000,660,3,1,up,up,0.0901,0.3701,nm,mv,0.5259,1.6067
1728486300000,665,3,1,up,up,0.16,0.595,mv,mv,0.9203,2.6122
1728486600000,670,3,1,up,up,0.12,0.28,mv,mv,0.9601,1.2944
1728486900000,675,3,1,up,up,0.315,0.52,mv,mv,2.4455,2.4233
1728487200000,680,3,1,dn,up,-0.155,0.315,mv,mv,1.2724,1.4226
1728487500000,685,3,1,up,up,0.36,0.8,mv,mv,2.3439,3.5988
1728487800000,690,3,1,up,up,0.11,0.71,mv,mv,0.6556,3.2665
1728488100000,695,3,1,up,up,0.33,0.87,mv,mv,1.9784,4.2166
1728488400000,700,3,1,up,up,0.27,0.38,mv,mv,1.5021,1.6938
1728488700000,705,3,1,up,dn,0.27,-0.37,mv,mv,1.4992,1.6297
1728489000000,710,3,1,dn,dn,-0.16,-0.395,mv,mv,0.9078,1.6428
1728489300000,715,3,1,dn,dn,-0.48,-0.54,mv,mv,2.6978,2.2809
1728489600000,720,3,1,up,dn,0.245,-0.49,mv,mv,0.8457,1.5942
1728489900000,725,3,1,dn,dn,-0.305,-0.375,mv,mv,1.0232,1.0316
1728490200000,730,3,1,dn,dn,-0.43,-0.093,mv,nm,1.4195,0.2219
1728490500000,735,3,1,up,up,0.36,0.27,mv,mv,1.196,0.5828
1728490800000,740,3,1,dn,dn,-0.023,0,nm,nm,0.0713,0
1728491100000,745,3,1,dn,up,-0.067,0.073,nm,nm,0.2065,0.1495
1728491400000,750,3,1,up,up,0.09,0.09,nm,nm,0.3235,0.191
1728491700000,755,3,1,up,dn,0.05,-0.54,nm,mv,0.1943,1.1941
1728492000000,760,3,1,dn,dn,-0.05,-0.43,nm,mv,0.2132,0.9665
1728492300000,765,3,1,dn,dn,-0.54,-0.58,mv,mv,3.7246,1.3115
1728492600000,770,3,1,up,up,0.16,0.09,mv,nm,0.767,0.198
1728492900000,775,3,1,dn,up,-0.2,0.26,mv,mv,0.8749,0.5574
1728493200000,780,3,1,up,up,0.13,0.69,mv,mv,0.5541,1.4614
1728493500000,785,3,1,up,up,0.33,0.72,mv,mv,1.3755,1.5446
1728493800000,790,3,1,up,up,0.23,0.3201,mv,mv,0.8126,0.7487
1728494100000,795,3,1,up,up,0.16,0.05,mv,nm,0.5364,0.1175
1728494400000,800,3,1,dn,dn,-0.0699,-0.1501,nm,nm,0.4273,0.3675
1728494700000,805,3,1,dn,dn,-0.0401,-0.1601,nm,nm,0.2235,0.3953
1728495000000,810,3,1,dn,dn,-0.0401,-0.17,nm,nm,0.2841,0.4259
1728495300000,815,3,1,dn,dn,-0.0799,-0.6804,nm,mv,0.5205,1.739
1728495600000,820,3,1,dn,dn,-0.05,-0.584,nm,mv,0.4112,1.5644
1728495900000,825,3,1,dn,dn,-0.5505,-0.195,mv,nm,6.7266,0.5455
1728496200000,830,3,1,up,up,0.0165,0.3105,nm,mv,0.0892,0.8139
1728496500000,835,3,1,up,up,0.339,0.214,mv,nm,1.7579,0.5308
1728496800000,840,3,1,dn,dn,-0.045,-0.325,nm,mv,0.1729,0.8181
1728497100000,845,3,1,dn,dn,-0.08,-0.29,nm,mv,0.3074,0.7135
1728497400000,850,3,1,dn,up,-0.2,0.45,mv,mv,0.7685,1.0974
1728497700000,855,3,1,dn,up,-0.01,0.31,nm,mv,0.0377,0.7494
1728498000000,860,3,1,up,up,0.66,0.4399,mv,mv,3.9964,1.0957
1728498300000,865,3,1,dn,dn,-0.34,-0.1001,mv,nm,1.1488,0.2466
1728498600000,870,3,1,up,up,0.1199,0.36,nm,mv,0.3793,0.9323
1728498900000,875,3,1,up,up,0.12,0.0101,nm,nm,0.3769,0.0255
1728499200000,880,3,1,up,dn,0.1201,-0.0799,nm,nm,0.3799,0.2021
1728499500000,885,3,1,dn,dn,-0.23,-0.26,mv,mv,0.7815,0.6989
1728499800000,890,3,1,up,dn,0.03,-0.13,nm,nm,0.0938,0.3914
1728500100000,895,3,1,dn,dn,-0.06,-0.15,nm,nm,0.3229,0.4651
1728500400000,900,3,1,dn,up,-0.1,0.34,nm,mv,0.7788,1.0433
1728500700000,905,3,1,up,up,0.01,0.63,nm,mv,0.08,1.9349
1728501000000,910,3,1,up,up,0.43,0.6433,mv,mv,3.8953,1.9769
1728501300000,915,3,1,up,up,0.19,0.81,mv,mv,0.9283,2.4134
1728501600000,920,3,1,up,up,0.0233,0.47,nm,mv,0.1296,1.4396
1728501900000,925,3,1,up,up,0.5967,0.1667,mv,nm,3.3126,0.5304
1728502200000,930,3,1,dn,dn,-0.15,-0.27,nm,mv,0.6063,0.7911
1728502500000,935,3,1,dn,up,-0.28,0.4299,mv,mv,1.0864,1.24
1728502800000,940,3,1,up,up,0.16,0.22,mv,nm,0.5195,0.6347
1728503100000,945,3,0,up,dn,0.5499,-0.36,mv,mv,1.9635,1.0515
1728503400000,950,3,0,dn,dn,-0.4899,-0.9599,mv,mv,1.4878,2.9438
1728503700000,955,3,0,dn,dn,-0.42,-0.56,mv,mv,1.0288,1.7417
1728504000000,960,3,0,dn,dn,-0.05,-0.39,nm,mv,0.1388,1.1271
1728504300000,965,3,0,dn,dn,-0.09,-0.32,nm,mv,0.2499,0.7511
1728504600000,970,3,0,dn,dn,-0.25,-0.17,mv,nm,0.7139,0.3775
1728504900000,975,3,0,up,up,0.02,0.02,nm,nm,0.0586,0.0438
1728505200000,980,3,0,up,up,0.06,0.19,nm,nm,0.3156,0.4099
1728505500000,985,3,0,dn,up,-0.06,0.16,nm,nm,0.3622,0.3441
1728505800000,990,3,0,up,up,0.19,0.27,mv,mv,1.9344,0.5865
1728506100000,995,3,0,up,up,0.03,0.19,nm,nm,0.2201,0.4128
1728506400000,1000,3,0,up,up,0.05,0.24,nm,mv,0.3743,0.5233
1728506700000,1005,3,0,up,up,0.11,0.25,nm,mv,1.4814,0.5476
1728507000000,1010,3,0,up,up,0.08,0.16,nm,nm,1.0515,0.3667
1728507300000,1015,3,0,up,up,0.06,0.03,nm,nm,0.7863,0.0724
1728507600000,1020,3,0,up,dn,0.02,-0.04,nm,nm,0.381,0.1077
1728507900000,1025,3,0,dn,dn,-0.05,-0.1,nm,nm,1.654,0.2817
1728508500000,1035,3,0,dn,dn,-0.01,-0.05,nm,nm,0.1977,0.1421
1728508800000,1040,3,0,dn,dn,-0.04,-0.14,nm,nm,0.7354,0.4025
1728509100000,1045,3,0,dn,dn,0,-0.06,nm,nm,0,0.1823
1728509400000,1050,3,0,dn,dn,-0.1,-0.02,nm,nm,2.7161,0.0621
1728509700000,1055,3,0,up,up,0.04,0.04,nm,nm,1.0215,0.1269
1728510000000,1060,3,0,up,up,0.04,0.01,nm,nm,0.9123,0.0436
1728510300000,1065,3,0,dn,dn,-0.04,-0.12,nm,nm,0.8256,0.6383
1728510600000,1070,3,0,up,dn,0.01,-0.18,nm,nm,0.2018,1.1201
1728510900000,1075,3,0,dn,dn,-0.09,-0.1,nm,nm,1.8318,0.7356
1728511200000,1080,3,0,dn,up,-0.1,0.14,nm,nm,1.7437,1.0624
1728511500000,1085,3,0,up,up,0.09,0.328,nm,mv,1.5693,2.3027
1728511800000,1090,3,0,up,up,0.15,0.26,mv,mv,2.1899,1.8354
1728512100000,1095,3,0,up,up,0.088,0.14,nm,nm,0.9608,0.995
1728512400000,1100,3,0,up,up,0.022,0.0612,nm,nm,0.2343,0.4171
1728512700000,1105,3,0,up,up,0.03,0.07,nm,nm,0.3202,0.4614
1728513000000,1110,3,0,up,dn,0.0092,-0.02,nm,nm,0.1177,0.1371
1728513300000,1115,3,0,up,up,0.0308,0.0408,nm,nm,0.6251,0.2997
1728513600000,1120,3,0,dn,dn,-0.06,-0.05,nm,nm,1.22,0.3773
1728513900000,1125,3,0,up,up,0.07,0.13,nm,nm,1.6086,0.9797
1728514200000,1130,3,0,dn,up,-0.06,0.03,nm,nm,1.5337,0.2269
1728514500000,1135,3,0,up,up,0.12,0.1509,mv,nm,2.4872,1.1585
1728514800000,1140,3,0,dn,up,-0.03,0.107,nm,nm,0.46,0.814
1728515100000,1145,3,0,up,dn,0.0609,-0.07,nm,nm,0.8993,0.5606
1728515400000,1150,3,0,up,dn,0.0761,-0.1529,nm,nm,1.0869,1.2238
1728515700000,1155,3,0,dn,dn,-0.207,-0.247,mv,mv,3.2772,1.9866
1728516000000,1160,3,0,dn,up,-0.022,0.18,nm,mv,0.2023,1.4094
1728516300000,1165,3,0,dn,up,-0.018,0.1505,nm,nm,0.1689,1.1079
1728516600000,1170,3,0,up,up,0.22,0.09,mv,nm,2.3912,0.6125
1728517200000,1180,3,0,dn,dn,-0.0515,-0.08,nm,nm,0.3998,0.5689
1728517500000,1185,3,0,dn,up,-0.0785,0.0615,nm,nm,0.6065,0.4492
1728517800000,1190,3,0,up,up,0.05,0.03,nm,nm,0.3937,0.2207
1728518100000,1195,3,0,up,dn,0.09,0,mv,nm,0.9087,0
1728518400000,1200,3,0,dn,dn,-0.11,-0.09,mv,nm,1.0941,0.7997
1728518700000,1205,3,0,up,dn,0.02,-0.01,nm,nm,0.176,0.0913
1728519000000,1210,3,0,dn,up,0,0.1,nm,nm,0,0.9146
1728519300000,1215,3,0,dn,up,-0.03,0.19,nm,mv,0.4306,1.7016
1728519600000,1220,3,0,up,up,0.13,0.21,mv,mv,2.0583,1.8832
1728519900000,1225,3,0,up,dn,0.09,-0.15,mv,mv,1.1502,1.3264
1728520200000,1230,3,0,dn,dn,-0.01,0,nm,nm,0.1278,0
1728520500000,1235,3,0,dn,dn,-0.23,-0.01,mv,nm,4.0105,0.0811
1728520800000,1240,3,0,up,up,0.24,0.44,mv,mv,2.0984,3.3726
1728521400000,1250,3,0,dn,up,-0.02,0.03,nm,nm,0.1356,0.2363
1728522000000,1260,3,0,up,up,0.22,0.03,mv,nm,1.4985,0.2396
1728522300000,1265,3,0,dn,dn,-0.17,-0.13,mv,mv,1.0629,0.8268
1728522900000,1275,3,0,dn,dn,-0.02,-0.12,nm,mv,0.1129,0.7988
1728523200000,1280,3,0,up,dn,0.06,-0.1,mv,mv,0.3385,0.7567
1728523500000,1285,3,0,dn,dn,-0.16,-0.04,mv,nm,1.1162,0.2937
1728523800000,1290,3,0,dn,dn,0,-0.01,nm,nm,0,0.072
1728524100000,1295,3,0,up,up,0.12,0.13,mv,mv,0.9025,0.9195
1728524400000,1300,3,0,dn,dn,-0.13,-0.12,mv,mv,1.2204,0.8567
1728524700000,1305,3,0,up,dn,0.14,-0.09,mv,mv,1.4229,0.643
1728525300000,1315,3,0,dn,dn,-0.13,-0.23,mv,mv,1.1262,1.6173
1728526200000,1330,3,0,dn,up,-0.1,0.02,mv,nm,0.8205,0.1369
1728526500000,1335,3,0,dn,up,0,0.23,nm,mv,0,1.5749
1728526800000,1340,3,0,up,up,0.12,0.25,mv,mv,1.0653,1.5944
1728527400000,1350,3,0,up,up,0.11,0.32,mv,mv,0.9765,2.0614
1728527700000,1355,3,0,up,up,0.02,0.19,nm,mv,0.1855,1.2013
1728528300000,1365,3,0,up,up,0.19,0.22,mv,mv,2.0077,1.3641
1728528600000,1370,3,0,dn,up,-0.02,0.1,nm,mv,0.2113,0.5833
1728528900000,1375,3,0,up,dn,0.05,-0.08,nm,nm,0.6642,0.4575
1728529200000,1380,3,0,up,dn,0.07,-0.12,mv,mv,1.0054,0.6711
1728529500000,1385,3,0,dn,dn,-0.2,-0.12,mv,mv,2.9814,0.7818
1728530100000,1395,3,0,up,dn,0.01,-0.1,nm,mv,0.0854,0.6416
1728530400000,1400,3,0,up,dn,0.07,-0.1,mv,mv,0.5976,0.6262
1728530700000,1405,3,0,dn,dn,-0.18,-0.12,mv,mv,1.92,0.7539
1728531000000,1410,3,0,up,up,0.01,0.09,nm,mv,0.0869,0.5688
1728531600000,1420,3,0,up,up,0.05,0.15,nm,mv,0.4492,0.948
1728531900000,1425,3,0,up,dn,0.03,0,nm,nm,0.277,0
1728532500000,1435,3,0,up,up,0.07,0.04,mv,nm,0.848,0.2474
1728533100000,5,3,0,dn,dn,-0.1,-0.03,mv,nm,1.1511,0.1847
1728533700000,15,3,0,up,dn,0.07,0,mv,nm,0.7794,0
1728534000000,20,3,0,dn,dn,0,-0.03,nm,nm,0,0.1925
1728534300000,25,3,0,dn,dn,-0.07,-0.12,mv,mv,1.1889,0.8412
1728534600000,30,3,0,up,dn,0.04,-0.05,nm,nm,0.6124,0.3497
1728534900000,35,3,0,dn,up,-0.09,0.01,mv,nm,1.3598,0.0729
1728535500000,45,3,0,dn,dn,0,0,nm,nm,0,0
1728536100000,55,3,0,up,dn,0.1,0,mv,nm,1.7732,0
1728536400000,60,4,0,dn,dn,-0.1,-0.05,mv,nm,1.5639,0.5067
1728537000000,70,4,0,dn,dn,0,-0.07,nm,nm,0,0.8653
1728537300000,75,4,0,up,dn,0.05,-0.15,nm,mv,0.7157,1.9935
1728537600000,80,4,0,dn,dn,-0.12,-0.06,mv,nm,1.6877,0.8054
1728537900000,85,4,0,dn,dn,-0.08,-0.1,mv,mv,1.0316,1.3889
1728538200000,90,4,0,up,dn,0.14,-0.09,mv,mv,1.7244,1.2093
1728538500000,95,4,0,dn,dn,-0.16,-0.19,mv,mv,1.7374,2.6076
1728538800000,100,4,0,dn,dn,-0.07,-0.27,mv,mv,0.6795,3.7056
1728539100000,105,4,0,up,dn,0.04,-0.26,nm,mv,0.3879,3.6598
1728539400000,110,4,0,dn,dn,-0.24,-0.37,mv,mv,2.3594,4.9597
1728539700000,115,4,0,dn,dn,-0.06,-0.21,nm,mv,0.4822,2.7334
1728540000000,120,4,0,dn,dn,-0.07,0,mv,nm,0.5638,0
1728540300000,125,4,0,dn,up,-0.08,0.09,mv,mv,0.9143,0.8584
1728540900000,135,4,0,up,up,0.15,0.22,mv,mv,1.8235,2.0734
1728541200000,140,4,0,up,up,0.02,0.12,nm,mv,0.1677,1.131
1728541500000,145,4,0,up,up,0.05,0.02,nm,nm,0.4268,0.1747
1728541800000,150,4,0,up,dn,0.05,-0.01,nm,nm,0.6102,0.0733
1728542700000,165,4,0,dn,up,-0.08,0.15,mv,mv,1.0215,1.0401
1728543000000,170,4,0,up,dn,0.02,-0.1,nm,mv,0.2491,0.6917
1728543600000,180,4,0,up,dn,0.21,-0.19,mv,mv,3.1104,1.3167
1728543900000,185,4,0,dn,dn,-0.33,-0.4,mv,mv,3.847,2.6216
1728544200000,190,4,0,dn,dn,-0.07,-0.21,mv,mv,0.4237,1.3755
1728544500000,195,4,0,dn,dn,0,-0.27,nm,mv,0,1.741
1728544800000,200,4,0,dn,dn,-0.14,-0.32,mv,mv,0.8731,1.8683
1728545100000,205,4,0,dn,dn,-0.13,-0.21,mv,mv,0.7914,1.2127
1728545400000,210,4,0,dn,dn,-0.05,-0.05,nm,nm,0.307,0.2817
1728546000000,220,4,0,dn,up,-0.03,0.15,nm,mv,0.2852,0.8161
1728546300000,225,4,0,up,up,0.03,0.19,nm,mv,0.5922,1.0311
1728546600000,230,4,0,up,dn,0.15,-0.15,mv,mv,2.385,0.8269
1728547200000,240,4,0,up,dn,0.01,-0.2,nm,mv,0.1013,1.0699
1728547500000,245,4,0,dn,dn,-0.31,-0.19,mv,mv,3.631,1.0323
1728547800000,250,4,0,up,up,0.1,0.4,mv,mv,0.7182,2.2004
1728548100000,255,4,0,up,up,0.02,0.35,nm,mv,0.1358,1.8996
1728548400000,260,4,0,up,up,0.28,0.2,mv,mv,1.9022,1.097
1728548700000,265,4,0,up,dn,0.05,-0.17,nm,mv,0.2759,0.8401
1728549000000,270,4,0,dn,dn,-0.13,-0.26,mv,mv,0.7429,1.1794
1728549300000,275,4,0,dn,dn,-0.09,-0.14,mv,mv,0.4878,0.6148
1728549600000,280,4,0,dn,dn,-0.04,-0.05,nm,nm,0.2989,0.2182
1728549900000,285,4,0,dn,dn,-0.01,-0.19,nm,mv,0.075,0.8338
1728550200000,290,4,0,dn,dn,0,-0.2,nm,mv,0,0.8762
1728550500000,295,4,0,dn,dn,-0.18,-0.13,mv,mv,3.0329,0.5731
1728550800000,300,4,0,dn,up,-0.02,0.11,nm,mv,0.3077,0.512
1728551100000,305,4,0,up,up,0.07,0.19,mv,mv,1.1225,0.886
1728551400000,310,4,0,up,up,0.06,0.12,nm,mv,0.7971,0.5735
1728551700000,315,4,0,up,up,0.06,0.3,nm,mv,0.7318,1.4858
1728552000000,320,4,0,dn,up,0,0.18,nm,mv,0,0.8872
1728552300000,325,4,0,up,up,0.24,0.24,mv,mv,2.7749,1.1727
1728552600000,330,4,0,dn,dn,-0.06,-0.22,nm,mv,0.7164,1.031
1728552900000,335,4,0,up,dn,0.06,0,nm,nm,0.6541,0
1728553200000,340,4,0,dn,dn,-0.22,-0.02,mv,nm,2.4004,0.0928
1728553500000,345,4,0,up,up,0.16,0.25,mv,mv,1.152,1.1538
1728553800000,350,4,0,up,up,0.04,0.13,nm,mv,0.2683,0.6184
1728554100000,355,4,0,up,up,0.05,0.03,nm,nm,0.3367,0.1567
1728554400000,360,4,0,up,dn,0.04,-0.04,nm,nm,0.3358,0.2185
1728554700000,365,4,0,dn,dn,-0.06,-0.25,nm,mv,0.5181,1.3911
1728555000000,370,4,0,dn,dn,-0.02,-0.02,nm,nm,0.1698,0.1146
1728555300000,375,4,0,dn,up,-0.17,0.02,mv,nm,2.4908,0.1236
1728555600000,380,4,0,up,up,0.17,0.17,mv,mv,2.1886,1.0001
1728556200000,390,4,0,up,dn,0.02,-0.3,nm,mv,0.1909,1.7712
1728556500000,395,4,0,dn,dn,-0.02,-0.22,nm,mv,0.1941,1.3658
1728556800000,400,4,0,dn,dn,-0.3,-0.3,mv,mv,2.9624,1.964
1728557100000,405,4,0,up,up,0.1,0.01,mv,nm,0.6744,0.0593
1728557400000,410,4,0,dn,dn,-0.1,-0.13,mv,mv,0.6284,0.7277
1728557700000,415,4,0,up,dn,0.01,-0.16,nm,mv,0.0662,0.845
1728558000000,420,4,0,dn,up,-0.04,0.09,nm,nm,0.3148,0.4806
1728558300000,425,4,0,dn,up,-0.13,0.14,mv,mv,1.0517,0.8038
1728558600000,430,4,0,up,up,0.26,0.31,mv,mv,2.0846,1.8326
1728558900000,435,4,0,up,up,0.01,0.17,nm,mv,0.0758,1.0742
1728559200000,440,4,0,up,up,0.04,0.17,nm,mv,0.3158,1.0714
1728559500000,445,4,0,up,up,0.12,0.15,mv,mv,1.0133,0.8469
1728559800000,450,4,0,up,dn,0.01,-0.07,nm,nm,0.0812,0.3843
1728560100000,455,4,0,up,up,0.02,0.12,nm,mv,0.1683,0.6789
1728560400000,460,4,0,dn,up,-0.1,0.16,mv,mv,1.1073,0.9004
1728560700000,465,4,0,up,up,0.2,0.4,mv,mv,3.1025,2.2477
1728561000000,470,4,0,up,up,0.06,0.46,nm,mv,0.6415,2.5493
1728561300000,475,4,0,up,up,0.14,0.27,mv,mv,1.4969,1.5526
1728561600000,480,4,0,up,up,0.26,0.1,mv,nm,2.7021,0.5146
1728561900000,485,4,0,dn,dn,-0.13,-0.27,mv,mv,1.0914,1.2466
1728562200000,490,4,0,dn,dn,-0.03,-0.43,nm,mv,0.2063,1.9504
1728562500000,495,4,0,dn,dn,-0.11,-0.99,mv,mv,0.824,4.9175
1728562800000,500,4,0,dn,dn,-0.29,-1.47,mv,mv,2.0976,7.139
1728563100000,505,4,0,dn,dn,-0.59,-1.21,mv,mv,3.2566,5.4707
1728563400000,510,4,0,dn,dn,-0.59,-0.44,mv,mv,2.2917,1.3298
1728563700000,515,4,0,dn,dn,-0.03,-0.08,nm,nm,0.1329,0.1679
1728564000000,520,4,0,up,dn,0.18,-0.05,mv,nm,0.7496,0.0916
1728564300000,525,4,1,dn,up,-0.23,0.22,mv,mv,0.8091,0.4008
1728564600000,530,4,1,dn,up,0,0.17,nm,nm,0,0.3119
1728564900000,535,4,1,up,up,0.45,0.15,mv,nm,1.5318,0.2807
1728565200000,540,4,1,dn,dn,-0.28,-0.22,mv,mv,0.865,0.4102
1728565500000,545,4,1,dn,up,-0.02,0.04,nm,nm,0.081,0.0746
1728565800000,550,4,1,up,up,0.08,0.33,nm,mv,0.3244,0.6153
1728566100000,555,4,1,dn,up,-0.02,0.23,nm,mv,0.0839,0.4291
1728566400000,560,4,1,up,dn,0.27,-0.2,mv,nm,1.2482,0.3746
1728566700000,565,4,1,dn,dn,-0.02,-0.46,nm,mv,0.0863,0.85
1728567000000,570,4,1,dn,dn,-0.45,-1.05,mv,mv,2.7653,1.9714
1728567300000,575,4,1,up,up,0.01,0.2,nm,nm,0.0464,0.3924
1728567600000,580,4,1,dn,up,-0.61,0.08,mv,nm,2.8243,0.1605
1728567900000,585,4,1,up,up,0.8,1.17,mv,mv,2.6758,2.2408
1728568200000,590,4,1,dn,up,-0.11,0.71,nm,mv,0.2374,1.3259
1728568500000,595,4,1,up,up,0.48,0.8,mv,mv,1.0719,1.479
1728568800000,600,4,1,up,up,0.34,0.18,mv,nm,0.6905,0.2987
1728569100000,605,4,1,dn,dn,-0.02,-0.1748,nm,nm,0.0441,0.3239
1728569400000,610,4,1,dn,dn,-0.14,-0.24,nm,nm,0.3078,0.4919
1728569700000,615,4,1,dn,dn,-0.0148,-0.2501,nm,nm,0.0429,0.531
1728570000000,620,4,1,dn,dn,-0.0852,-0.2052,nm,nm,0.363,0.4332
1728570300000,625,4,1,dn,up,-0.1501,0.05,nm,nm,0.6487,0.1043
1728570600000,630,4,1,up,dn,0.0301,-0.0099,nm,nm,0.1816,0.0204
1728570900000,635,4,1,up,dn,0.17,-0.47,mv,mv,2.5414,0.9608
1728571200000,640,4,1,dn,dn,-0.21,-0.56,mv,mv,1.8987,1.1459
1728571500000,645,4,1,dn,dn,-0.43,-0.29,mv,mv,3.4604,0.5986
1728571800000,650,4,1,up,up,0.08,0.59,nm,mv,0.425,1.1803
1728572100000,655,4,1,up,up,0.06,0.9099,nm,mv,0.2973,1.7757
1728572400000,660,4,1,up,up,0.45,0.78,mv,mv,2.1879,1.5214
1728572700000,665,4,1,up,up,0.3999,0.28,mv,mv,1.4319,0.5277
1728573000000,670,4,1,dn,dn,-0.0699,-0.0559,nm,nm,0.2246,0.1005
1728573300000,675,4,1,dn,up,-0.05,0.0699,nm,nm,0.1695,0.1383
1728573600000,680,4,1,up,up,0.064,0.24,nm,nm,0.3113,0.4745
1728573900000,685,4,1,up,up,0.0559,0.136,nm,nm,0.2707,0.2675
1728574200000,690,4,1,up,up,0.1201,0.1001,nm,nm,0.5807,0.2234
1728574500000,695,4,1,dn,up,-0.04,0.12,nm,nm,0.2583,0.2818
1728574800000,700,4,1,up,up,0.02,0.53,nm,mv,0.2849,1.3584
1728575100000,705,4,1,up,up,0.14,0.4799,nm,mv,2.3482,1.2332
1728575400000,710,4,1,up,up,0.37,0.55,mv,mv,6.1603,1.4266
1728575700000,715,4,1,dn,up,-0.0301,0.42,nm,mv,0.2307,1.0719
1728576000000,720,4,1,up,up,0.2101,0.5651,mv,mv,1.4997,1.4478
1728576300000,725,4,1,up,up,0.24,0.205,mv,nm,1.6385,0.525
1728576600000,730,4,1,up,dn,0.115,-0.2106,nm,nm,0.8527,0.5369
1728576900000,735,4,1,dn,dn,-0.15,-0.495,nm,mv,1.2222,1.2492
1728577200000,740,4,1,dn,dn,-0.1756,-0.335,mv,mv,1.0131,0.9387
1728577500000,745,4,1,dn,dn,-0.1694,-0.8894,mv,mv,1.0313,2.7973
1728577800000,750,4,1,up,dn,0.01,-0.915,nm,mv,0.0553,2.6778
1728578100000,755,4,1,dn,dn,-0.73,-0.67,mv,mv,4.6148,1.8527
1728578400000,760,4,1,dn,dn,-0.195,-0.06,mv,nm,0.7313,0.1471
1728578700000,765,4,1,up,up,0.255,0.025,mv,nm,1.1012,0.0564
1728579000000,770,4,1,dn,dn,-0.12,-0.8101,nm,mv,0.4048,1.7321
1728579300000,775,4,1,dn,dn,-0.11,-0.59,nm,mv,0.3705,1.2614
1728579600000,780,4,1,dn,dn,-0.5801,-0.16,mv,nm,1.9508,0.3423
1728579900000,785,4,1,up,up,0.1001,0.9601,nm,mv,0.308,1.9318
1728580200000,790,4,1,up,up,0.32,0.74,mv,mv,1.2307,1.4566
1728580500000,795,4,1,up,up,0.54,0.59,mv,mv,1.8043,1.1671
1728580800000,800,4,1,dn,dn,-0.12,-0.15,nm,nm,0.3364,0.2671
1728581100000,805,4,1,up,dn,0.17,0,mv,nm,0.4766,0
1728581400000,810,4,1,dn,dn,-0.2,-0.705,mv,mv,0.5646,1.2105
1728581700000,815,4,1,up,dn,0.03,-0.68,nm,mv,0.1195,1.2068
1728582000000,820,4,1,dn,dn,-0.535,-0.15,mv,nm,2.1067,0.2727
1728582300000,825,4,1,dn,dn,-0.175,-0.155,mv,nm,0.5277,0.2877
1728582600000,830,4,1,up,up,0.56,0.06,mv,nm,2.5639,0.111
1728582900000,835,4,1,dn,dn,-0.54,-0.6,mv,mv,1.5849,1.1093
1728583200000,840,4,1,up,dn,0.04,-0.12,nm,nm,0.1069,0.2232
1728583500000,845,4,1,dn,dn,-0.1,-0.23,nm,nm,0.2641,0.4256
1728583800000,850,4,1,dn,dn,-0.06,-0.24,nm,nm,0.1604,0.4583
1728584100000,855,4,1,dn,dn,-0.07,-0.14,nm,nm,0.2146,0.2842
1728584400000,860,4,1,dn,dn,-0.11,-0.27,nm,nm,0.3421,0.567
1728584700000,865,4,1,up,dn,0.04,-0.36,nm,mv,0.2158,0.755
1728585000000,870,4,1,dn,dn,-0.2,-0.2009,mv,nm,3.2636,0.4225
1728585300000,875,4,1,dn,dn,-0.2,-0.06,mv,nm,2.8036,0.1339
1728585600000,880,4,1,up,up,0.1991,0.28,mv,mv,2.3741,0.6407
1728585900000,885,4,1,dn,dn,-0.0591,-0.2191,nm,nm,0.4199,0.5008
1728586200000,890,4,1,up,dn,0.14,-0.18,nm,nm,0.9954,0.5055
1728586500000,895,4,1,dn,dn,-0.3,-0.24,mv,nm,1.9414,0.7891
1728586800000,900,4,1,dn,up,-0.02,0.28,nm,mv,0.1086,1.161
1728587100000,905,4,1,up,up,0.08,0.32,nm,mv,0.4574,1.3289
1728587400000,910,4,1,up,up,0.22,0.335,mv,mv,1.3503,1.4268
1728587700000,915,4,1,up,up,0.02,0.17,nm,nm,0.1196,0.7284
1728588000000,920,4,1,up,up,0.095,0.26,nm,mv,0.5783,1.148
1728588300000,925,4,1,up,up,0.055,0.245,nm,nm,0.3443,0.9823
1728588600000,930,4,1,up,up,0.11,0.4,nm,mv,1.4634,1.5612
1728588900000,935,4,1,up,up,0.08,0.78,nm,mv,1.2842,2.9309
1728589200000,940,4,1,up,up,0.21,0.46,mv,mv,3.3711,1.9052
1728589500000,945,4,0,up,up,0.49,0.26,mv,mv,8.3023,1.0064
1728589800000,950,4,0,dn,dn,-0.24,-0.3705,mv,mv,1.6031,1.2116
1728590100000,955,4,0,up,dn,0.01,-0.11,nm,nm,0.0463,0.3559
1728590400000,960,4,0,dn,dn,-0.1405,0,nm,nm,0.6415,0
1728590700000,965,4,0,up,up,0.0205,0.1613,nm,nm,0.0861,0.5151
1728591000000,970,4,0,up,up,0.12,0.3,nm,mv,0.5029,1.0112
1728591300000,975,4,0,up,up,0.0208,0.25,nm,mv,0.0899,0.8695
1728591600000,980,4,0,up,up,0.1592,0.2792,mv,mv,1.3344,0.9859
1728591900000,985,4,0,up,up,0.07,0.13,nm,nm,0.735,0.4582
1728592200000,990,4,0,up,up,0.05,0.09,nm,nm,0.5231,0.3346
1728592500000,995,4,0,up,dn,0.01,-0.04,nm,nm,0.1958,0.1571
1728592800000,1000,4,0,up,dn,0.03,-0.11,nm,nm,0.5659,0.4756
1728593100000,1005,4,0,dn,dn,-0.08,-0.18,nm,nm,1.6048,0.7721
1728593400000,1010,4,0,dn,up,-0.06,0.05,nm,nm,0.8401,0.2091
1728593700000,1015,4,0,dn,up,-0.04,0.04,nm,nm,0.7236,0.1621
1728594000000,1020,4,0,up,up,0.15,0.0149,mv,nm,3.1334,0.0573
1728594300000,1025,4,0,dn,dn,-0.07,-0.16,nm,nm,0.9154,0.6164
1728594600000,1030,4,0,dn,dn,-0.0651,-0.0693,nm,nm,0.8066,0.2671
1728595200000,1040,4,0,dn,dn,-0.0249,-0.0049,nm,nm,0.3101,0.0194
1728595500000,1045,4,0,up,dn,0.0207,0,nm,nm,0.2693,0
1728595800000,1050,4,0,dn,up,-0.0007,0.0108,nm,nm,0.0093,0.061
1728596100000,1055,4,0,dn,dn,-0.02,-0.13,nm,nm,0.271,0.7741
1728596400000,1060,4,0,up,dn,0.0315,-0.13,nm,nm,0.9705,0.9302
1728596700000,1065,4,0,dn,dn,-0.1415,-0.0815,mv,nm,4.4346,0.6018
1728597000000,1070,4,0,dn,up,-0.02,0.05,nm,nm,0.3515,0.355
1728597300000,1075,4,0,up,up,0.08,0.15,nm,mv,1.4059,1.0552
1728597600000,1080,4,0,dn,up,-0.01,0.07,nm,nm,0.148,0.5546
1728598200000,1090,4,0,up,up,0.08,0.14,mv,nm,1.1871,1.256
1728598500000,1095,4,0,dn,up,0,0.07,nm,nm,0,0.7338
1728598800000,1100,4,0,up,up,0.06,0.0725,nm,nm,0.8054,0.7965
1728599100000,1105,4,0,up,up,0.01,0.02,nm,nm,0.2348,0.2102
1728599400000,1110,4,0,up,up,0.0025,0.03,nm,nm,0.0663,0.3086
1728599700000,1115,4,0,up,dn,0.0075,-0.0525,nm,nm,0.2224,0.5452
1728600000000,1120,4,0,up,dn,0.02,-0.04,nm,nm,0.638,0.4625
1728600300000,1125,4,0,dn,up,-0.08,0.12,mv,nm,3.9225,1.3945
1728600600000,1130,4,0,up,up,0.02,0.37,nm,mv,0.4782,4.2737
1728600900000,1135,4,0,up,up,0.18,0.3,mv,mv,5.1619,3.4497
1728601200000,1140,4,0,up,up,0.17,0.23,mv,mv,2.1974,2.7905
1728601500000,1145,4,0,dn,up,-0.05,0.15,nm,mv,0.5384,1.3193
1728601800000,1150,4,0,up,up,0.11,0.14,mv,mv,1.1025,1.0936
1728602100000,1155,4,0,up,up,0.09,0.05,mv,nm,0.8833,0.3749
1728602400000,1160,4,0,dn,dn,-0.06,0,nm,nm,0.741,0
1728602700000,1165,4,0,up,up,0.02,0.01,nm,nm,0.2083,0.08
1728603000000,1170,4,0,up,dn,0.04,0,nm,nm,0.4751,0
1728603300000,1175,4,0,dn,dn,-0.05,-0.08,nm,nm,0.7817,0.7409
1728603600000,1180,4,0,up,dn,0.01,0,nm,nm,0.1563,0
1728603900000,1185,4,0,dn,up,-0.04,0.42,nm,mv,0.7774,3.7784
1728604200000,1190,4,0,up,up,0.03,0.49,nm,mv,0.7863,4.1523
1728604500000,1195,4,0,up,up,0.43,0.26,mv,mv,12.5148,2.1897
1728604800000,1200,4,0,up,dn,0.03,-0.11,nm,mv,0.1825,0.7731
1728605100000,1205,4,0,dn,dn,-0.2,-0.18,mv,mv,1.2139,1.0706
1728605400000,1210,4,0,up,up,0.06,0.07,mv,nm,0.3154,0.4137
1728605700000,1215,4,0,dn,dn,-0.04,-0.11,nm,mv,0.2109,0.6221
1728606000000,1220,4,0,up,dn,0.05,-0.09,nm,mv,0.2636,0.4836
1728606300000,1225,4,0,dn,dn,-0.12,-0.01,mv,nm,0.6334,0.0548
1728606600000,1230,4,0,dn,up,-0.02,0.02,nm,nm,0.209,0.1051
1728606900000,1235,4,0,up,up,0.13,0.04,mv,nm,1.4191,0.2165
1728607200000,1240,4,0,dn,dn,-0.09,-0.22,mv,mv,1.1192,1.2337
1728607500000,1245,4,0,dn,dn,0,-0.03,nm,nm,0,0.1722
1728607800000,1250,4,0,dn,up,-0.13,0.06,mv,nm,1.556,0.3473
1728608100000,1255,4,0,up,up,0.1,0.21,mv,mv,1.1194,1.1543
1728608700000,1265,4,0,up,up,0.09,0.03,mv,nm,0.9641,0.1645
1728609000000,1270,4,0,up,dn,0.02,-0.16,nm,mv,0.2028,0.8771
1728609600000,1280,4,0,dn,dn,-0.08,-0.17,mv,mv,0.9397,0.9096
1728610500000,1295,4,0,dn,dn,-0.1,-0.17,mv,mv,1.1981,0.9107
1728610800000,1300,4,0,up,up,0.01,0.1,nm,mv,0.1094,0.5251
1728611100000,1305,4,0,dn,up,-0.08,0.17,mv,mv,1.0515,0.8663
1728612000000,1320,4,0,up,dn,0.17,-0.01,mv,nm,2.4826,0.0567
1728612300000,1325,4,0,up,dn,0.08,-0.22,mv,mv,0.8627,1.653
1728612900000,1335,4,0,dn,dn,-0.26,-0.16,mv,mv,2.6399,1.2942
1728613800000,1350,4,0,dn,dn,-0.04,-0.02,nm,nm,0.2902,0.1637
1728614400000,1360,4,0,up,up,0.14,0.24,mv,mv,1.0406,1.9155
1728615000000,1370,4,0,dn,up,-0.12,0.08,mv,nm,0.8137,0.6327
1728615900000,1385,4,0,up,up,0.22,0.13,mv,mv,1.4488,1.0371
1728616200000,1390,4,0,dn,dn,-0.02,-0.16,nm,mv,0.1233,1.1484
1728616500000,1395,4,0,dn,dn,-0.07,-0.2,mv,mv,0.4413,1.4177
1728616800000,1400,4,0,dn,up,-0.07,0.01,mv,nm,0.5804,0.0691
1728617100000,1405,4,0,dn,up,-0.06,0.12,nm,mv,0.4858,0.8088
1728617400000,1410,4,0,up,up,0.14,0.04,mv,nm,1.2589,0.2723
1728617700000,1415,4,0,up,dn,0.04,-0.02,nm,nm,0.3496,0.1361
1728618000000,1420,4,0,dn,up,-0.14,0.02,mv,nm,1.8401,0.134
1728618300000,1425,4,0,up,dn,0.08,-0.01,mv,nm,0.8769,0.0714
1728618600000,1430,4,0,up,dn,0.08,-0.12,mv,mv,0.8304,0.8594
1728618900000,1435,4,0,dn,dn,-0.17,-0.01,mv,nm,1.7931,0.0736
1728619200000,0,4,0,dn,dn,-0.03,-0.03,nm,nm,0.2561,0.2302
1728619500000,5,4,0,up,dn,0.19,-0.03,mv,nm,1.8916,0.2358
1728619800000,10,4,0,dn,dn,-0.19,-0.24,mv,mv,1.4845,1.9222
1728620100000,15,4,0,dn,dn,-0.03,-0.05,nm,nm,0.2171,0.4262
1728620400000,20,4,0,dn,up,-0.02,0.03,nm,nm,0.1508,0.2557
1728621300000,35,4,0,dn,dn,0,-0.2,nm,mv,0,1.6764
1728621600000,40,4,0,up,dn,0.05,-0.06,nm,nm,0.4523,0.5231
1728621900000,45,4,0,dn,dn,-0.25,-0.3,mv,mv,2.2213,2.6058
1728622500000,55,4,0,up,dn,0.14,-0.08,mv,nm,1.2949,0.7581
1728622800000,60,5,0,dn,dn,-0.19,-0.34,mv,mv,1.6069,3.3393
1728623400000,70,5,0,dn,dn,-0.03,-0.19,nm,mv,0.2226,1.7501
1728624000000,80,5,0,dn,up,-0.12,0.04,mv,nm,0.8922,0.3763
1728624300000,85,5,0,dn,up,-0.04,0.15,nm,mv,0.2963,1.2474
1728624600000,90,5,0,up,up,0.2,0.04,mv,nm,1.5887,0.3291
1728626100000,115,5,0,dn,dn,-0.01,-0.08,nm,mv,0.0731,0.6934
1728626400000,120,5,0,dn,dn,-0.15,0,mv,nm,1.2451,0
1728627000000,130,5,0,up,dn,0.08,-0.04,mv,nm,0.712,0.3155
1728627900000,145,5,0,up,dn,0.07,-0.18,mv,mv,0.589,1.4445
1728628200000,150,5,0,dn,dn,-0.19,-0.23,mv,mv,1.7375,1.8407
1728628500000,155,5,0,dn,dn,-0.06,-0.21,nm,mv,0.4431,1.6809
1728628800000,160,5,0,up,up,0.02,0.03,nm,nm,0.1962,0.2382
1728629700000,175,5,0,dn,dn,-0.17,-0.14,mv,mv,1.6323,1.0835
1728630000000,180,5,0,up,dn,0.18,-0.23,mv,mv,1.6679,1.762
1728630300000,185,5,0,dn,dn,-0.15,-0.79,mv,mv,1.1474,6.0773
1728630600000,190,5,0,dn,dn,-0.26,-0.37,mv,mv,2.0031,2.8466
1728630900000,195,5,0,dn,dn,-0.38,-0.12,mv,mv,2.6526,0.9272
1728631200000,200,5,0,up,up,0.27,0.28,mv,mv,1.4791,1.3867
1728631500000,205,5,0,dn,up,-0.01,0.2,nm,mv,0.0429,0.9658
1728632400000,220,5,0,up,up,0.02,0.22,nm,mv,0.0867,1.0757
1728632700000,225,5,0,up,dn,0.19,-0.03,mv,nm,0.9048,0.1322
1728633000000,230,5,0,up,dn,0.01,-0.35,nm,mv,0.0435,1.5013
1728633600000,240,5,0,dn,dn,-0.23,-0.29,mv,mv,1.1215,1.1922
1728633900000,245,5,0,dn,up,-0.13,0.14,mv,mv,0.8165,0.5788
1728634200000,250,5,0,up,up,0.07,0.21,nm,mv,0.5349,0.8671
1728634500000,255,5,0,up,up,0.2,0.19,mv,mv,1.4739,0.7834
1728634800000,260,5,0,dn,dn,-0.06,-0.16,nm,mv,0.3809,0.6396
1728635100000,265,5,0,up,dn,0.05,-0.51,nm,mv,0.3609,1.9612
1728635400000,270,5,0,dn,dn,-0.15,-0.5,mv,mv,1.0645,1.8624
1728636000000,280,5,0,dn,dn,-0.41,-0.44,mv,mv,3.3415,1.6409
1728636300000,285,5,0,up,up,0.06,0.29,nm,mv,0.3087,1.0233
1728636600000,290,5,0,dn,up,-0.09,0.37,mv,mv,0.4655,1.247
1728636900000,295,5,0,up,up,0.32,0.42,mv,mv,2.0347,1.3875
1728637200000,300,5,0,up,dn,0.14,-0.15,mv,mv,0.627,0.4702
1728637500000,305,5,0,dn,dn,-0.04,-0.26,nm,mv,0.1728,0.771
1728637800000,310,5,0,dn,dn,-0.25,-0.2,mv,mv,1.1119,0.6431
1728638100000,315,5,0,up,up,0.03,0.11,nm,nm,0.1666,0.365
1728638400000,320,5,0,up,up,0.02,0.02,nm,nm,0.1115,0.0654
1728638700000,325,5,0,up,dn,0.06,-0.1,nm,nm,0.3471,0.3341
1728639000000,330,5,0,dn,dn,-0.06,-0.26,nm,mv,0.4945,0.8788
1728639900000,345,5,0,dn,dn,-0.1,-0.08,mv,nm,0.9759,0.2767
1728640200000,350,5,0,dn,up,-0.1,0.16,mv,mv,0.9535,0.5535
1728640500000,355,5,0,up,up,0.12,0.51,mv,mv,1.8684,1.79
1728640800000,360,5,0,up,up,0.14,0.33,mv,mv,1.6854,1.1803
1728641400000,370,5,0,up,up,0.25,0.39,mv,mv,2.4876,1.3909
1728641700000,375,5,0,dn,dn,-0.06,-0.05,nm,nm,0.4438,0.1649
1728642000000,380,5,0,up,up,0.2,0.15,mv,nm,1.4792,0.4829
1728642300000,385,5,0,dn,up,-0.19,0.17,mv,mv,1.4741,0.5269
1728642600000,390,5,0,up,up,0.14,0.49,mv,mv,0.9135,1.6438
1728643500000,405,5,0,up,up,0.22,0.35,mv,mv,1.4251,1.2984
1728643800000,410,5,0,up,up,0.13,0.05,mv,nm,0.8013,0.208
1728644100000,415,5,0,dn,dn,0,-0.08,nm,nm,0,0.316
1728644400000,420,5,0,dn,dn,-0.08,-0.24,nm,mv,0.5673,0.952
1728644700000,425,5,0,dn,dn,0,-0.17,nm,mv,0,0.7057
1728645000000,430,5,0,dn,dn,-0.16,-0.22,mv,mv,1.5579,0.9262
1728645300000,435,5,0,dn,dn,-0.01,-0.13,nm,nm,0.0794,0.551
1728645600000,440,5,0,dn,dn,-0.05,-0.03,nm,nm,0.5674,0.1282
1728645900000,445,5,0,dn,up,-0.07,0.05,nm,nm,1.2247,0.2042
1728646200000,450,5,0,up,up,0.09,0.12,nm,nm,1.7068,0.4814
1728646500000,455,5,0,up,dn,0.03,-0.11,nm,nm,0.3954,0.4452
1728646800000,460,5,0,dn,dn,0,-0.12,nm,nm,0,0.5136
1728647100000,465,5,0,dn,dn,-0.14,-0.11,mv,nm,2.671,0.4784
1728647400000,470,5,0,up,up,0.02,0.54,nm,mv,0.2708,2.3031
1728647700000,475,5,0,up,up,0.01,0.5397,nm,mv,0.1347,2.5098
1728648000000,480,5,0,up,up,0.51,0.45,mv,mv,7.3253,2.174
1728648300000,485,5,0,up,dn,0.0197,-0.06,nm,nm,0.0965,0.2682
1728648600000,490,5,0,dn,dn,-0.0797,-0.1297,nm,nm,0.3895,0.5183
1728648900000,495,5,0,dn,up,0,0.56,nm,mv,0,2.1161
1728649200000,500,5,0,dn,dn,-0.05,-0.21,nm,mv,0.256,0.79
1728649500000,505,5,0,up,up,0.61,0.21,mv,mv,3.041,0.8426
1728649800000,510,5,0,dn,dn,-0.77,-0.55,mv,mv,2.747,2.0541
1728650100000,515,5,0,up,dn,0.37,0,mv,nm,0.924,0
1728650400000,520,5,0,dn,dn,-0.15,-0.31,mv,mv,0.3488,1.125
1728650700000,525,5,1,dn,dn,-0.22,-0.05,mv,nm,0.5076,0.1657
1728651000000,530,5,1,up,up,0.06,0.17,nm,mv,0.136,0.5709
1728651300000,535,5,1,up,dn,0.11,-0.06,nm,nm,0.2486,0.1981
1728651600000,540,5,1,dn,dn,0,-0.14,nm,nm,0,0.4652
1728651900000,545,5,1,dn,dn,-0.17,-0.03,mv,nm,0.8905,0.0994
1728652200000,550,5,1,up,dn,0.03,-0.1,nm,nm,0.2414,0.3302
1728652500000,555,5,1,up,up,0.11,0.81,nm,mv,0.9089,2.6529
1728652800000,560,5,1,dn,up,-0.24,0.38,mv,mv,2.522,1.2509
1728653100000,565,5,1,up,up,0.94,0.795,mv,mv,7.0281,2.6218
1728653400000,570,5,1,dn,dn,-0.32,-0.06,mv,nm,0.8225,0.1725
1728653700000,575,5,1,up,up,0.175,0.585,mv,mv,0.4154,1.7297
1728654000000,580,5,1,up,up,0.085,0.565,nm,mv,0.2075,1.5623
1728654300000,585,5,1,up,up,0.325,0.58,mv,mv,0.7962,1.6445
1728654600000,590,5,1,up,up,0.155,1.455,mv,mv,0.3738,3.9304
1728654900000,595,5,1,up,up,0.1,1.65,nm,mv,0.2664,4.3431
1728655200000,600,5,1,up,up,1.2,1.96,mv,mv,6.0656,5.1422
1728655500000,605,5,1,up,up,0.35,0.705,mv,mv,0.8919,1.4852
1728655800000,610,5,1,up,up,0.41,0.74,mv,mv,1.0635,1.2883
1728656100000,615,5,1,dn,up,-0.055,0.42,nm,mv,0.1511,0.6489
1728656400000,620,5,1,up,up,0.385,0.415,mv,mv,0.9478,0.6486
1728656700000,625,5,1,up,dn,0.09,-0.43,nm,mv,0.2274,0.7038
1728657000000,630,5,1,dn,dn,-0.06,-0.69,nm,mv,0.1511,1.1607
1728657300000,635,5,1,dn,dn,-0.46,-0.865,mv,mv,2.2788,1.4718
1728657600000,640,5,1,dn,dn,-0.17,-0.27,nm,nm,0.5738,0.4383
1728657900000,645,5,1,dn,up,-0.235,0.08,mv,nm,0.9202,0.1208
1728658200000,650,5,1,up,up,0.135,0.525,nm,mv,0.5091,0.7222
1728658500000,655,5,1,up,up,0.18,0.41,nm,mv,0.8926,0.5573
1728658800000,660,5,1,up,dn,0.21,-0.17,mv,nm,0.9586,0.2307
1728659100000,665,5,1,up,dn,0.02,-0.39,nm,mv,0.0804,0.5293
1728659400000,670,5,1,dn,dn,-0.4,-0.31,mv,nm,2.3356,0.4234
1728659700000,675,5,1,dn,up,-0.01,0.42,nm,mv,0.0441,0.5701
1728660000000,680,5,1,up,up,0.1,0.41,nm,mv,0.4878,0.5405
1728660300000,685,5,1,up,up,0.33,0.31,mv,nm,1.632,0.4013
1728660600000,690,5,1,dn,dn,-0.02,-0.19,nm,nm,0.0876,0.2466
1728660900000,695,5,1,dn,dn,0,-0.04,nm,nm,0,0.0556
1728661200000,700,5,1,dn,up,-0.17,0.15,nm,nm,0.7878,0.2357
1728661500000,705,5,1,up,up,0.13,0.22,nm,nm,0.8526,0.4661
1728661800000,710,5,1,up,dn,0.19,-0.2,mv,nm,1.2338,0.4487
1728662100000,715,5,1,dn,dn,-0.1,-0.65,nm,mv,0.6203,1.5775
1728662400000,720,5,1,dn,dn,-0.29,-0.6599,mv,mv,2.3401,1.6381
1728662700000,725,5,1,dn,dn,-0.26,-0.42,mv,mv,1.5612,1.0766
1728663000000,730,5,1,dn,dn,-0.1099,-0.24,nm,nm,0.5991,0.5929
1728663300000,735,5,1,dn,dn,-0.0501,-0.0201,nm,nm,0.2782,0.05
1728663600000,740,5,1,dn,dn,-0.08,-0.21,nm,nm,0.5088,0.5763
1728663900000,745,5,1,up,dn,0.11,-0.25,nm,nm,1.197,0.6879
1728664200000,750,5,1,dn,dn,-0.24,-0.4866,mv,mv,1.7912,1.3431
1728664500000,755,5,1,dn,dn,-0.12,-0.39,nm,mv,0.9684,1.1607
1728664800000,760,5,1,dn,up,-0.1266,0.36,nm,mv,1.2157,1.1427
1728665100000,765,5,1,dn,up,-0.1434,0.3276,nm,nm,1.3647,1.0057
1728665400000,770,5,1,up,up,0.63,0.43,mv,mv,5.9578,1.32
1728665700000,775,5,1,dn,dn,-0.159,-0.28,nm,nm,0.5424,0.818
1728666000000,780,5,1,dn,dn,-0.041,-0.211,nm,nm,0.1384,0.6299
1728666300000,785,5,1,dn,up,-0.08,0.07,nm,nm,0.2845,0.2079
1728666600000,790,5,1,dn,up,-0.09,0.2899,nm,nm,0.323,0.8981
1728666900000,795,5,1,up,up,0.24,0.28,mv,nm,0.8699,0.8668
1728667200000,800,5,1,up,up,0.1399,0.25,nm,nm,0.5084,0.767
1728667500000,805,5,1,dn,up,-0.0999,0.3401,nm,mv,0.7105,1.0175
1728667800000,810,5,1,up,up,0.21,0.445,mv,mv,1.6064,1.3166
1728668100000,815,5,1,up,up,0.23,0.31,mv,nm,1.5705,0.8907
1728668400000,820,5,1,up,dn,0.005,-0.07,nm,nm,0.0345,0.209
1728668700000,825,5,1,up,up,0.075,0.055,nm,nm,0.5912,0.1733
1728669000000,830,5,1,dn,up,-0.15,0.11,nm,nm,1.2996,0.36
1728669300000,835,5,1,up,up,0.13,0.44,nm,mv,0.9081,1.4725
1728669600000,840,5,1,up,up,0.13,0.49,nm,mv,1.0051,1.6437
1728669900000,845,5,1,up,up,0.18,0.2101,mv,nm,1.5083,0.7237
1728670200000,850,5,1,up,dn,0.18,-0.12,mv,nm,1.6485,0.4156
1728670500000,855,5,1,dn,dn,-0.1499,-0.26,mv,mv,1.3213,1.005
1728670800000,860,5,1,dn,dn,-0.1501,-0.4501,mv,mv,1.0338,2.059
1728671100000,865,5,1,up,dn,0.04,-0.1,nm,nm,0.2754,0.4382
1728671400000,870,5,1,dn,dn,-0.34,-0.09,mv,nm,2.4094,0.3644
1728671700000,875,5,1,up,up,0.2,0.29,mv,mv,1.0507,1.061
1728672000000,880,5,1,up,up,0.05,0.34,nm,mv,0.2573,1.2972
1728672300000,885,5,1,up,up,0.04,0.3,nm,mv,0.2282,1.176
1728672600000,890,5,1,up,up,0.25,0.54,mv,mv,1.4452,2.0966
1728672900000,895,5,1,up,up,0.01,0.47,nm,mv,0.0529,1.8113
1728673200000,900,5,1,up,up,0.28,0.42,mv,mv,1.4793,1.6145
1728673500000,905,5,1,up,up,0.18,0.14,mv,nm,1.6631,0.5089
1728673800000,910,5,1,dn,dn,-0.04,-0.1105,nm,nm,0.3753,0.3925
1728674100000,915,5,1,dn,up,0,0.055,nm,nm,0,0.1963
1728674400000,920,5,1,dn,dn,-0.0705,-0.1,nm,nm,0.5518,0.36
1728674700000,925,5,1,up,dn,0.1255,-0.1488,mv,nm,0.9925,0.5319
1728675000000,930,5,1,dn,dn,-0.155,-0.235,mv,mv,1.2285,0.84
1728675300000,935,5,1,dn,dn,-0.1193,-0.14,mv,nm,1.0431,0.4905
1728675600000,940,5,1,up,dn,0.0393,-0.3607,nm,mv,0.4332,1.2766
1728675900000,945,5,0,dn,dn,-0.06,-0.55,nm,mv,0.626,1.9906
1728676200000,950,5,0,dn,dn,-0.34,-0.58,mv,mv,3.5667,2.0891
1728676500000,955,5,0,dn,dn,-0.15,-0.37,mv,mv,1.0133,1.2727
1728676800000,960,5,0,dn,dn,-0.09,-0.24,nm,mv,0.7853,0.7654
1728677100000,965,5,0,dn,dn,-0.13,-0.1,mv,nm,1.1317,0.3073
1728677400000,970,5,0,dn,dn,-0.02,-0.08,nm,nm,0.174,0.238
1728677700000,975,5,0,up,dn,0.05,-0.17,nm,nm,0.4876,0.5002
1728678000000,980,5,0,dn,dn,-0.11,-0.1,mv,nm,0.9035,0.3011
1728678300000,985,5,0,dn,dn,-0.11,-0.03,mv,nm,1.5891,0.094
1728678600000,990,5,0,up,up,0.12,0.02,mv,nm,1.8941,0.065
1728678900000,995,5,0,dn,dn,-0.04,-0.07,nm,nm,0.4308,0.2616
1728679200000,1000,5,0,dn,dn,-0.06,-0.08,nm,nm,0.7251,0.3514
1728679500000,1005,5,0,up,up,0.03,0.02,nm,nm,0.3562,0.1071
1728679800000,1010,5,0,dn,up,-0.05,0.2,nm,mv,0.6133,1.1563
1728680100000,1015,5,0,up,up,0.04,0.21,nm,mv,0.5387,1.2081
1728680400000,1020,5,0,up,up,0.21,0.04,mv,nm,3.2976,0.2335
1728680700000,1025,5,0,dn,dn,-0.04,-0.13,nm,nm,0.4318,0.6769
1728681000000,1030,5,0,dn,dn,-0.13,0,mv,nm,1.4034,0
1728681300000,1035,5,0,up,dn,0.04,-0.02,nm,nm,0.3785,0.0936
1728681600000,1040,5,0,up,dn,0.09,-0.41,mv,mv,0.8486,1.9184
1728681900000,1045,5,0,dn,dn,-0.15,-0.58,mv,mv,1.4243,2.7865
1728682200000,1050,5,0,dn,dn,-0.35,-0.638,mv,mv,2.7854,3.5526
1728682500000,1055,5,0,dn,dn,-0.08,-0.29,nm,mv,0.5551,1.8579
1728682800000,1060,5,0,dn,dn,-0.208,-0.3,mv,mv,1.4591,1.6363
1728683100000,1065,5,0,dn,dn,-0.002,-0.332,nm,mv,0.0135,1.5028
1728683400000,1070,5,0,dn,dn,-0.09,-0.01,mv,nm,0.6335,0.0445
1728683700000,1075,5,0,dn,up,-0.24,0.14,mv,nm,2.1655,0.6128
1728684000000,1080,5,0,up,up,0.32,0.34,mv,mv,2.7532,1.4591
1728684300000,1085,5,0,up,up,0.06,0.02,nm,nm,0.3264,0.0852
1728684600000,1090,5,0,dn,dn,-0.04,-0.0401,nm,nm,0.2135,0.1657
1728684900000,1095,5,0,dn,dn,0,0,nm,nm,0,0
1728685200000,1100,5,0,dn,dn,-0.0001,0,nm,nm,0.0006,0
1728685500000,1105,5,0,up,up,0.0001,0.0101,nm,nm,0.0006,0.0382
1728685800000,1110,5,0,dn,up,0,0.08,nm,nm,0,0.3028
1728686100000,1115,5,0,up,up,0.01,0.08,nm,nm,0.3419,0.3133
1728686400000,1120,5,0,up,up,0.07,0.09,nm,nm,4.3552,0.3669
1728686700000,1125,5,0,dn,up,0,0.02,nm,nm,0,0.081
1728687000000,1130,5,0,up,up,0.02,0.09,nm,nm,0.7811,0.3584
1728687300000,1135,5,0,dn,up,0,0.1,nm,nm,0,0.3935
1728687600000,1140,5,0,up,up,0.07,0.1,nm,nm,2.8062,0.3921
1728688200000,1150,5,0,up,dn,0.03,0,nm,nm,0.9924,0
1728688500000,1155,5,0,dn,dn,0,-0.17,nm,mv,0,0.7844
1728689100000,1165,5,0,dn,dn,-0.03,-0.124,nm,nm,1.1921,0.7669
1728689400000,1170,5,0,dn,dn,-0.14,-0.06,mv,nm,4.5224,0.4137
1728689700000,1175,5,0,up,up,0.046,0.05,nm,nm,0.7058,0.3804
1728690000000,1180,5,0,up,up,0.034,0.114,nm,nm,0.4949,1.0767
1728690300000,1185,5,0,dn,up,-0.03,0.57,nm,mv,0.4736,5.2873
1728690600000,1190,5,0,up,up,0.11,0.8,mv,mv,1.8055,7.6198
1728690900000,1195,5,0,up,up,0.49,0.39,mv,mv,6.2605,5.0423
1728864000000,1200,7,0,up,up,0.2,0.07,mv,nm,1.0157,0.4735
1728864300000,1205,7,0,dn,up,-0.3,0.11,mv,nm,1.7518,0.4899
1728864600000,1210,7,0,up,up,0.17,0.4,mv,mv,0.7121,1.7183
1728864900000,1215,7,0,up,up,0.24,0.02,mv,nm,1.0027,0.0864
1728865200000,1220,7,0,dn,dn,-0.01,-0.2,nm,mv,0.0426,0.8704
1728865500000,1225,7,0,dn,dn,-0.21,-0.16,mv,mv,0.8662,0.6734
1728865800000,1230,7,0,up,up,0.02,0.08,nm,nm,0.0962,0.3348
1728866700000,1245,7,0,up,dn,0.03,-0.11,nm,nm,0.1568,0.4376
1728867000000,1250,7,0,up,dn,0.03,-0.24,nm,mv,0.21,0.927
1728867300000,1255,7,0,dn,dn,-0.17,-0.15,mv,mv,1.3017,0.5792
1728867600000,1260,7,0,dn,up,-0.1,0.14,mv,nm,1.006,0.5301
1728867900000,1265,7,0,up,up,0.12,0.16,mv,mv,1.2149,0.5804
1728868200000,1270,7,0,up,dn,0.12,-0.08,mv,nm,1.257,0.2854
1728868500000,1275,7,0,dn,up,-0.08,0.02,nm,nm,0.7441,0.073
1728869100000,1285,7,0,dn,up,-0.12,0.11,mv,nm,1.081,0.4087
1728869400000,1290,7,0,up,up,0.22,0.21,mv,mv,1.909,0.778
1728869700000,1295,7,0,up,dn,0.01,-0.09,nm,nm,0.0761,0.3329
1728870000000,1300,7,0,dn,dn,-0.02,-0.42,nm,mv,0.1671,1.5534
1728870300000,1305,7,0,dn,dn,-0.08,-0.45,nm,mv,0.6873,1.8162
1728870600000,1310,7,0,dn,dn,-0.32,-0.32,mv,mv,2.8568,1.7761
1728871200000,1320,7,0,dn,up,-0.05,0.15,nm,mv,0.31,0.7997
1728871500000,1325,7,0,up,up,0.05,0.21,nm,mv,0.3156,0.9909
1728871800000,1330,7,0,up,up,0.15,0.22,mv,mv,1.2508,1.008
1728872100000,1335,7,0,up,up,0.01,0.07,nm,nm,0.0694,0.3585
1728872400000,1340,7,0,up,up,0.06,0.04,nm,nm,0.4127,0.1952
1728872700000,1345,7,0,dn,up,0,0.08,nm,nm,0,0.3776
1728873000000,1350,7,0,dn,up,-0.02,0.03,nm,nm,0.3221,0.1421
1728873600000,1360,7,0,up,up,0.1,0.1,mv,nm,1.792,0.4756
1728873900000,1365,7,0,dn,dn,-0.05,-0.15,nm,mv,0.8333,0.7119
1728874200000,1370,7,0,up,up,0.05,0.1,nm,nm,1.0022,0.4903
1728874500000,1375,7,0,dn,up,-0.15,0.15,mv,mv,2.9293,0.7425
1728874800000,1380,7,0,up,up,0.2,0.23,mv,mv,2.544,1.1354
1728875100000,1385,7,0,up,up,0.1,0.05,mv,nm,0.8939,0.2496
1728875700000,1395,7,0,dn,dn,-0.07,0,nm,nm,0.6176,0
1728876000000,1400,7,0,up,up,0.02,0.02,nm,nm,0.1718,0.0956
1728876600000,1410,7,0,up,dn,0.05,0,nm,nm,0.4427,0
1728877200000,1420,7,0,dn,up,-0.05,0.01,nm,nm,0.4427,0.0494
1728877800000,1430,7,0,dn,up,0,0.04,nm,nm,0,0.1986
1728878100000,1435,7,0,up,dn,0.06,-0.05,nm,nm,1.0423,0.289
1728878400000,0,7,0,dn,dn,-0.02,-0.06,nm,nm,0.4158,0.4666
1728879300000,15,7,0,dn,dn,-0.09,-0.09,mv,nm,2.35,0.9857
1728879600000,20,7,0,up,up,0.05,0.01,nm,nm,0.9482,0.1068
1728879900000,25,7,0,dn,dn,-0.05,-0.05,nm,nm,0.9482,0.5518
1728880800000,40,7,0,up,up,0.01,0.14,nm,mv,0.1896,1.6321
1728881100000,45,7,0,dn,up,-0.01,0.33,nm,mv,0.1882,3.8646
1728881400000,50,7,0,up,up,0.14,0.25,mv,mv,3.1726,2.8677
1728881700000,55,7,0,up,up,0.2,0.01,mv,nm,2.7182,0.1107
1728882600000,70,1,0,dn,dn,-0.09,-0.09,mv,nm,1.0331,0.7894
1728883200000,80,1,0,dn,dn,-0.1,-0.2,mv,mv,0.9703,1.6262
1728884400000,100,1,0,up,dn,0.1,-0.08,mv,nm,0.8995,0.7048
1728885300000,115,1,0,dn,up,-0.2,0.05,mv,nm,1.7519,0.4234
1728886500000,135,1,0,up,up,0.02,0.32,nm,mv,0.1373,2.4925
1728887100000,145,1,0,up,up,0.23,0.32,mv,mv,1.7168,2.6433
1728887700000,155,1,0,up,up,0.07,0.2,mv,mv,0.4927,1.6521
1728888000000,160,1,0,up,dn,0.02,-0.07,nm,nm,0.144,0.5006
1728888300000,165,1,0,up,dn,0.11,-0.09,mv,nm,0.8563,0.5821
1728888600000,170,1,0,dn,dn,-0.2,-0.23,mv,mv,1.547,1.4563
1728888900000,175,1,0,dn,dn,0,-0.01,nm,nm,0,0.0624
1728889200000,180,1,0,dn,up,-0.03,0.05,nm,nm,0.2307,0.3054
1728889500000,185,1,0,up,up,0.02,0.17,nm,mv,0.2032,0.9742
1728889800000,190,1,0,up,up,0.06,0.26,nm,mv,0.64,1.5
1728890400000,200,1,0,up,up,0.09,0.25,mv,mv,0.9255,1.4668
1728891000000,210,1,0,up,up,0.11,0.33,mv,mv,1.1771,1.9141
1728891300000,215,1,0,up,up,0.05,0.24,nm,mv,1.0107,1.3611
1728891600000,220,1,0,up,up,0.17,0.27,mv,mv,3.7097,1.4969
1728891900000,225,1,0,up,up,0.02,0.01,nm,nm,0.415,0.0554
1728892200000,230,1,0,up,dn,0.08,-0.01,mv,nm,1.6601,0.0556
1728892500000,235,1,0,dn,dn,-0.09,-0.11,mv,mv,1.9092,0.5975
1728892800000,240,1,0,dn,up,0,0.03,nm,nm,0,0.1667
1728893100000,245,1,0,dn,up,-0.02,0.18,nm,mv,0.253,1.0768
1728893400000,250,1,0,up,up,0.05,0.15,nm,mv,0.6129,0.8866
1728893700000,255,1,0,up,dn,0.15,-0.01,mv,nm,2.7748,0.059
1728894000000,260,1,0,dn,dn,-0.05,-0.2,nm,mv,0.6539,1.2287
1728894300000,265,1,0,dn,dn,-0.11,-0.09,mv,mv,1.4254,0.5828
1728894600000,270,1,0,dn,up,-0.04,0.06,nm,nm,0.4903,0.3906
1728894900000,275,1,0,up,up,0.06,0.04,mv,nm,0.7212,0.2452
1728895200000,280,1,0,up,dn,0.04,-0.16,nm,mv,0.466,0.9806
1728895500000,285,1,0,dn,up,-0.06,0.15,mv,mv,0.7048,1.027
1728895800000,290,1,0,dn,up,-0.14,0.2,mv,mv,2.3816,1.3827
1728896100000,295,1,0,up,up,0.35,0.31,mv,mv,4.8165,1.994
1728896400000,300,1,0,dn,up,-0.01,0.01,nm,nm,0.0643,0.0646
1728896700000,305,1,0,dn,dn,-0.03,-0.09,nm,mv,0.1954,0.594
1728897000000,310,1,0,up,up,0.05,0.05,nm,nm,0.3221,0.3206
1728897300000,315,1,0,dn,dn,-0.11,0,mv,nm,0.7078,0
1728897600000,320,1,0,up,up,0.11,0.11,mv,mv,0.6829,0.7818
1728897900000,325,1,0,dn,dn,0,0,nm,nm,0,0
1728898200000,330,1,0,dn,up,0,0.17,nm,mv,0,1.3128
1728898500000,335,1,0,dn,up,0,0.13,nm,mv,0,0.9966
1728898800000,340,1,0,up,up,0.17,0.07,mv,nm,2.5685,0.5555
1728899100000,345,1,0,dn,up,-0.04,0.06,nm,nm,0.4459,0.4638
1728899400000,350,1,0,dn,up,-0.06,0.19,nm,mv,0.809,1.4958
1728899700000,355,1,0,up,up,0.16,0.21,mv,mv,2.1482,1.6842
1728900000000,360,1,0,up,up,0.09,0.42,mv,mv,0.9773,3.3842
1728900300000,365,1,0,dn,up,-0.04,0.33,nm,mv,0.435,2.9234
1728900600000,370,1,0,up,up,0.37,0.15,mv,mv,3.8185,1.3567
1728900900000,375,1,0,dn,dn,0,-0.07,nm,nm,0,0.5208
1728901200000,380,1,0,dn,dn,-0.22,-0.12,mv,mv,1.4904,0.8397
1728901500000,385,1,0,up,up,0.15,0.1,mv,mv,0.8236,0.7951
1728901800000,390,1,0,dn,dn,-0.05,-0.2,nm,mv,0.2759,1.4888
1728902100000,395,1,0,dn,dn,0,-0.15,nm,mv,0,1.0412
1728902400000,400,1,0,dn,dn,-0.15,-0.25,mv,mv,0.8218,1.8462
1728902700000,405,1,0,dn,dn,0,-0.3,nm,mv,0,1.9935
1728903000000,410,1,0,dn,dn,-0.1,-0.21,mv,mv,0.8464,1.3557
1728903300000,415,1,0,dn,dn,-0.2,-0.18,mv,mv,2.1131,1.0439
1728903600000,420,1,0,up,dn,0.09,-0.02,mv,nm,1.2075,0.1046
1728903900000,425,1,0,dn,dn,-0.07,-0.05,mv,nm,0.7059,0.2509
1728904200000,430,1,0,dn,dn,-0.04,-0.03,nm,nm,0.419,0.1464
1728904500000,435,1,0,up,up,0.06,0.04,nm,nm,0.6741,0.1982
1728904800000,440,1,0,dn,up,-0.05,0.11,nm,mv,0.5133,0.5499
1728905100000,445,1,0,up,up,0.03,0.23,nm,mv,0.3181,1.1537
1728905400000,450,1,0,up,up,0.13,0.18,mv,mv,2.17,0.9043
1728905700000,455,1,0,up,dn,0.07,-0.04,mv,nm,0.9933,0.2047
1728906000000,460,1,0,dn,dn,-0.02,-0.03,nm,nm,0.318,0.1525
1728906300000,465,1,0,dn,dn,-0.09,0,mv,nm,1.5165,0
1728906600000,470,1,0,up,dn,0.08,-0.01,mv,nm,1.0806,0.0662
1728906900000,475,1,0,up,up,0.01,0.17,nm,mv,0.1393,1.1831
1728907200000,480,1,0,dn,up,-0.1,0.07,mv,nm,1.3823,0.4855
1728907500000,485,1,0,up,up,0.26,0.18,mv,mv,3.709,1.2547
1728907800000,490,1,0,dn,dn,-0.09,-0.09,mv,nm,0.7376,0.6073
1728908100000,495,1,0,up,dn,0.01,-0.05,nm,nm,0.0777,0.3448
1728908400000,500,1,0,dn,dn,-0.01,-0.01,nm,nm,0.0828,0.0671
1728908700000,505,1,0,dn,up,-0.05,0.14,nm,mv,0.4202,1.0095
1728909000000,510,1,0,up,up,0.05,0.22,nm,mv,0.4121,1.8496
1728909300000,515,1,0,up,up,0.14,0.24,mv,mv,1.2433,2.2631
1728909600000,520,1,0,up,up,0.03,0.21,nm,mv,0.4077,2.1787
1728909900000,525,1,1,up,up,0.07,0.33,mv,mv,1.1865,3.2039
1728910200000,530,1,1,up,up,0.11,0.39,mv,mv,1.8298,3.6263
1728910500000,535,1,1,up,up,0.15,0.37,mv,mv,2.4725,3.4013
1728910800000,540,1,1,up,up,0.13,0.17,mv,mv,2.8968,1.4001
1728911100000,545,1,1,up,up,0.09,0.06,mv,nm,2.1262,0.4344
1728911400000,550,1,1,dn,dn,-0.05,-0.09,nm,nm,1.2677,0.6089
1728911700000,555,1,1,up,up,0.02,0.55,nm,mv,0.3078,3.7258
1728912000000,560,1,1,dn,up,-0.06,0.57,nm,mv,0.8668,3.9833
1728912300000,565,1,1,up,up,0.59,0.87,mv,mv,7.1431,5.9006
1728912600000,570,1,1,up,up,0.04,1.14,nm,mv,0.1809,6.6035
1728912900000,575,1,1,up,up,0.24,0.915,mv,mv,1.0766,4.7824
1728913200000,580,1,1,up,up,0.86,1.23,mv,mv,3.7689,4.9917
1728913500000,585,1,1,dn,up,-0.185,0.0536,mv,nm,0.5516,0.168
1728913800000,590,1,1,up,up,0.555,0.18,mv,mv,1.5039,0.5169
1728914100000,595,1,1,dn,dn,-0.3164,-0.27,mv,mv,0.8924,0.6945
1728914400000,600,1,1,dn,dn,-0.0586,-0.1836,nm,nm,0.1433,0.4797
1728914700000,605,1,1,up,up,0.105,0.365,nm,mv,0.2518,0.9771
1728915000000,610,1,1,dn,up,-0.23,0.4,mv,mv,0.5517,0.9966
1728915300000,615,1,1,up,up,0.49,0.89,mv,mv,1.6858,2.1121
1728915600000,620,1,1,up,up,0.14,0.365,mv,mv,0.4202,0.8688
1728915900000,625,1,1,up,up,0.26,0.17,mv,nm,0.9777,0.4066
1728916200000,630,1,1,dn,dn,-0.035,-0.43,nm,mv,0.1536,0.9933
1728916500000,635,1,1,dn,dn,-0.055,-0.265,nm,mv,0.2445,0.6119
1728916800000,640,1,1,dn,dn,-0.34,-0.7695,mv,mv,1.4491,1.7617
1728917100000,645,1,1,up,dn,0.13,-0.69,mv,mv,0.4962,1.4524
1728917400000,650,1,1,dn,dn,-0.5595,-0.4901,mv,mv,2.9068,0.9949
1728917700000,655,1,1,dn,up,-0.2605,0.4345,mv,mv,0.9434,0.7922
1728918000000,660,1,1,up,up,0.3299,0.71,mv,mv,1.4547,1.2002
1728918300000,665,1,1,up,up,0.3651,0.0951,mv,nm,1.2282,0.156
1728918600000,670,1,1,up,dn,0.015,-0.4802,nm,mv,0.0428,0.8132
1728918900000,675,1,1,dn,dn,-0.285,-0.4,mv,mv,0.8726,0.7161
1728919200000,680,1,1,dn,up,-0.2102,0.045,mv,nm,0.6251,0.0855
1728919500000,685,1,1,up,up,0.0952,0.1252,nm,nm,0.3535,0.2695
1728919800000,690,1,1,up,up,0.16,0.29,mv,mv,0.6525,0.6125
1728920100000,695,1,1,dn,up,-0.13,0.2828,nm,mv,0.591,0.6001
1728920400000,700,1,1,up,up,0.26,0.54,mv,mv,1.6115,1.1521
1728920700000,705,1,1,up,up,0.1528,0.5,mv,mv,0.76,1.0609
1728921000000,710,1,1,up,up,0.1272,0.2872,nm,mv,0.7584,0.6133
1728921300000,715,1,1,up,up,0.22,0.1606,mv,nm,1.849,0.3376
1728921600000,720,1,1,dn,dn,-0.06,-0.085,nm,nm,0.4793,0.1916
1728921900000,725,1,1,up,up,0.0006,0.19,nm,nm,0.0042,0.4315
1728922200000,730,1,1,dn,up,-0.0256,0.1193,nm,nm,0.2255,0.271
1728922500000,735,1,1,up,up,0.215,0.145,mv,nm,2.0903,0.3384
1728922800000,740,1,1,dn,up,-0.0701,0.115,nm,nm,0.6184,0.2708
1728923100000,745,1,1,up,up,0.0001,0.1306,nm,nm,0.0008,0.347
1728923400000,750,1,1,up,up,0.185,0.09,mv,nm,1.9359,0.2767
1728923700000,755,1,1,dn,up,-0.0545,0.02,nm,nm,0.5027,0.0695
1728924000000,760,1,1,dn,dn,-0.0405,-0.0604,nm,nm,0.3539,0.2152
1728924300000,765,1,1,up,up,0.115,0.2501,nm,mv,0.9912,1.0157
1728924600000,770,1,1,dn,dn,-0.1349,-0.155,nm,nm,1.4228,0.6269
1728924900000,775,1,1,up,dn,0.27,-0.0402,mv,nm,2.5098,0.1948
1728925200000,780,1,1,dn,dn,-0.2901,-0.3501,mv,mv,2.0189,2.1769
1728925500000,785,1,1,dn,dn,-0.0201,-0.0532,nm,nm,0.1129,0.3032
1728925800000,790,1,1,dn,up,-0.0399,0.02,nm,nm,0.2249,0.1101
1728926100000,795,1,1,up,dn,0.0068,-0.17,nm,nm,0.0381,0.8028
1728926400000,800,1,1,up,up,0.0531,0.0332,nm,nm,0.3157,0.1573
1728926700000,805,1,1,dn,dn,-0.2299,-0.0399,mv,nm,1.3997,0.2182
1728927000000,810,1,1,up,up,0.21,0.2,mv,nm,1.6534,1.2632
1728927300000,815,1,1,dn,dn,-0.02,-0.03,nm,nm,0.1536,0.2055
1728927600000,820,1,1,up,dn,0.01,-0.14,nm,nm,0.0768,0.9829
1728927900000,825,1,1,dn,dn,-0.02,-0.07,nm,nm,0.1548,0.4765
1728928200000,830,1,1,dn,up,-0.13,0.18,mv,nm,1.0036,1.2704
1728928500000,835,1,1,up,up,0.08,0.3201,nm,mv,0.5926,2.2342
1728928800000,840,1,1,up,up,0.23,0.38,mv,mv,2.2016,2.7253
1728929100000,845,1,1,up,up,0.0101,0.17,nm,nm,0.0913,1.1846
1728929400000,850,1,1,up,up,0.1399,0.1199,mv,nm,1.2825,0.7517
1728929700000,855,1,1,up,up,0.02,0.0701,nm,nm,0.1729,0.3874
1728930000000,860,1,1,dn,up,-0.04,0.325,nm,mv,0.3557,1.7628
1728930300000,865,1,1,up,up,0.0901,0.44,nm,mv,1,2.3865
1728930600000,870,1,1,up,up,0.2749,0.2649,mv,mv,3.0442,1.4953
1728930900000,875,1,1,up,dn,0.075,-0.065,nm,nm,0.7232,0.3531
1728931200000,880,1,1,dn,dn,-0.085,-0.22,nm,mv,0.8598,1.0852
1728931500000,885,1,1,dn,dn,-0.055,-0.0251,nm,nm,0.4768,0.141
1728931800000,890,1,1,dn,dn,-0.08,0,nm,nm,0.6536,0
1728932100000,895,1,1,up,up,0.1099,0.08,mv,nm,0.8604,0.4138
1728932400000,900,1,1,dn,up,-0.0299,0.0393,nm,nm,0.2312,0.2126
1728932700000,905,1,1,dn,up,0,0.13,nm,nm,0,0.7
1728933000000,910,1,1,up,up,0.0692,0.2,nm,mv,1.0441,1.0957
1728933300000,915,1,1,up,up,0.0608,0.0718,nm,nm,0.9038,0.3947
1728933600000,920,1,1,up,up,0.07,0.1,nm,nm,1.0836,0.5583
1728933900000,925,1,1,dn,up,-0.059,0.24,nm,mv,1.2536,1.4177
1728934200000,930,1,1,up,up,0.089,0.659,mv,mv,1.7397,4.0434
1728934500000,935,1,1,up,dn,0.21,-0.0901,mv,nm,4.0704,0.5532
1728934800000,940,1,1,up,dn,0.36,-0.5,mv,mv,4.608,3.1497
1728935100000,945,1,0,dn,dn,-0.6601,-1.06,mv,mv,4.9973,5.5057
1728935400000,950,1,0,dn,dn,-0.1999,-0.2399,mv,mv,0.619,1.2013
1728935700000,955,1,0,dn,dn,-0.2,-0.08,mv,nm,0.6079,0.3246
1728936000000,960,1,0,up,up,0.16,0.2,mv,mv,0.4786,0.5527
1728936300000,965,1,0,dn,dn,-0.04,-0.03,nm,nm,0.1174,0.0834
1728936600000,970,1,0,up,up,0.08,0.04,nm,nm,0.2496,0.1164
1728936900000,975,1,0,dn,dn,-0.07,-0.06,nm,nm,0.2627,0.1759
1728937200000,980,1,0,up,up,0.03,0.06,nm,nm,0.2254,0.176
1728937500000,985,1,0,dn,up,-0.02,0.25,nm,mv,0.1742,0.7396
1728937800000,990,1,0,up,up,0.05,0.47,nm,mv,0.6408,1.3898
1728938100000,995,1,0,up,up,0.22,0.46,mv,mv,4.1889,1.3584
1728938400000,1000,1,0,up,up,0.2,0.24,mv,mv,2.2023,0.6988
1728938700000,1005,1,0,up,dn,0.04,-0.37,nm,mv,0.3728,1.0272
1728939000000,1010,1,0,dn,up,0,0.0194,nm,nm,0,0.0519
1728939300000,1015,1,0,dn,dn,-0.41,-0.16,mv,mv,4.3672,0.4272
1728939600000,1020,1,0,up,up,0.4294,0.13,mv,nm,2.067,0.3368
1728939900000,1025,1,0,dn,dn,-0.1794,-0.1594,mv,nm,0.6912,0.4135
1728940200000,1030,1,0,dn,up,-0.12,0.02,mv,nm,0.4508,0.0522
1728940500000,1035,1,0,up,up,0.14,0.14,mv,nm,0.5484,0.4006
1728940800000,1040,1,0,dn,dn,0,-0.02,nm,nm,0,0.0571
1728941100000,1045,1,0,dn,up,0,0.04,nm,nm,0,0.1203
1728941400000,1050,1,0,dn,dn,-0.02,0,nm,nm,0.1003,0
1728941700000,1055,1,0,up,dn,0.06,-0.03,nm,nm,0.594,0.1459
1728942000000,1060,1,0,dn,dn,-0.04,-0.09,nm,nm,0.5066,0.4439
1728942300000,1065,1,0,dn,up,-0.05,0.2,nm,mv,0.827,0.9959
1728942600000,1070,1,0,dn,dn,0,-0.02,nm,nm,0,0.0996
1728942900000,1075,1,0,up,up,0.25,0.01,mv,nm,6.9862,0.0491
1728943200000,1080,1,0,dn,dn,-0.27,-0.17,mv,mv,2.6156,0.8315
1728943500000,1085,1,0,up,up,0.03,0.05,nm,nm,0.1945,0.2434
1728943800000,1090,1,0,up,up,0.07,0.04,nm,nm,0.4594,0.1995
1728944100000,1095,1,0,dn,up,-0.05,0.03,nm,nm,0.3233,0.1684
1728944400000,1100,1,0,up,dn,0.02,-0.12,nm,nm,0.1293,0.8438
1728944700000,1105,1,0,up,dn,0.06,-0.14,nm,nm,0.3877,1.0807
1728945000000,1110,1,0,dn,dn,-0.2,-0.1,mv,nm,1.7115,1.0182
1728945300000,1115,1,0,dn,dn,0,0,nm,nm,0,0
1728945600000,1120,1,0,up,up,0.1,0.13,nm,nm,1.0984,1.2955
1728945900000,1125,1,0,dn,dn,-0.1,0,nm,nm,1.038,0
1728946200000,1130,1,0,up,up,0.13,0.08,mv,nm,1.283,0.8823
1728946500000,1135,1,0,dn,dn,-0.03,-0.0589,nm,nm,0.259,0.6138
1728946800000,1140,1,0,dn,dn,-0.02,0,nm,nm,0.1775,0
1728947100000,1145,1,0,dn,up,-0.0089,0.16,nm,mv,0.1131,1.742
1728947400000,1150,1,0,up,up,0.0289,0.1289,nm,nm,0.3659,1.4018
1728947700000,1155,1,0,up,up,0.14,0.23,mv,mv,2.0098,2.5014
1728948000000,1160,1,0,dn,up,-0.04,0.04,nm,nm,0.5742,0.4013
1728948300000,1165,1,0,up,up,0.13,0.09,mv,nm,2.1183,0.8885
1728948600000,1170,1,0,dn,dn,-0.05,-0.02,nm,nm,0.7002,0.1913
1728948900000,1175,1,0,up,up,0.01,0.05,nm,nm,0.1312,0.479
1728949200000,1180,1,0,up,dn,0.02,-0.03,nm,nm,0.2675,0.2839
1728949500000,1185,1,0,up,up,0.02,0.04,nm,nm,0.2667,0.4181
1728949800000,1190,1,0,dn,dn,-0.07,-0.13,nm,nm,1.1961,1.3587
1728950100000,1195,1,0,up,dn,0.09,-0.09,mv,nm,1.4056,0.9316
1728950400000,1200,1,0,dn,dn,-0.15,-0.18,mv,mv,2.8749,1.8622
1728950700000,1205,1,0,dn,up,-0.03,0.13,nm,mv,0.3909,1.3329
1728951000000,1210,1,0,dn,up,0,0.01,nm,nm,0,0.1071
1728951300000,1215,1,0,up,up,0.16,0.03,mv,nm,2.1402,0.297
1728951600000,1220,1,0,dn,dn,-0.15,-0.18,mv,mv,1.4756,1.7373
1728952200000,1230,1,0,up,dn,0.02,-0.13,nm,mv,0.1748,1.2885
1728952500000,1235,1,0,dn,dn,-0.05,-0.35,nm,mv,0.4692,3.4751
1728952800000,1240,1,0,dn,dn,-0.1,-0.22,mv,mv,1.0795,1.9959
1728953100000,1245,1,0,dn,dn,-0.2,-0.04,mv,nm,2.0237,0.3511
1728953400000,1250,1,0,up,up,0.08,0.31,mv,mv,0.6764,2.2072
1728953700000,1255,1,0,up,up,0.08,0.4,mv,mv,0.8346,2.8231
1728954000000,1260,1,0,up,up,0.15,0.24,mv,mv,1.4891,1.7623
1728954600000,1270,1,0,up,dn,0.17,-0.01,mv,nm,1.4075,0.0685
1728954900000,1275,1,0,dn,dn,-0.08,-0.07,mv,nm,0.5941,0.3964
1728955200000,1280,1,0,dn,up,-0.1,0.11,mv,mv,0.7598,0.5952
1728955500000,1285,1,0,up,up,0.11,0.32,mv,mv,1.052,1.7317
1728955800000,1290,1,0,up,up,0.1,0.14,mv,mv,0.9383,0.7579
1728956100000,1295,1,0,up,up,0.11,0.03,mv,nm,1.0222,0.1605
1728956400000,1300,1,0,dn,dn,-0.07,0,mv,nm,0.6805,0
1728956700000,1305,1,0,dn,up,-0.01,0.07,nm,nm,0.1047,0.3492
1728957300000,1315,1,0,up,up,0.08,0.01,mv,nm,0.9143,0.0504
1728957600000,1320,1,0,dn,up,0,0.07,nm,nm,0,0.3643
1728957900000,1325,1,0,dn,up,-0.07,0.07,mv,nm,1.0603,0.3663
1728958200000,1330,1,0,up,up,0.14,0.13,mv,mv,2.0445,0.6803
1728958500000,1335,1,0,dn,dn,0,0,nm,nm,0,0
1728958800000,1340,1,0,dn,dn,-0.01,-0.14,nm,mv,0.1471,0.7619
1728959100000,1345,1,0,up,dn,0.01,-0.22,nm,mv,0.1471,1.2292
1728959400000,1350,1,0,dn,dn,-0.14,-0.06,mv,nm,2.219,0.4024
1728959700000,1355,1,0,dn,up,-0.09,0.08,mv,nm,1.0572,0.5679
1728960000000,1360,1,0,up,up,0.17,0.15,mv,mv,1.9384,0.9649
1728960300000,1365,1,0,dn,dn,0,-0.21,nm,mv,0,1.4178
1728960600000,1370,1,0,dn,dn,-0.02,-0.09,nm,mv,0.2067,0.729
1728960900000,1375,1,0,dn,dn,-0.19,-0.08,mv,nm,1.9617,0.6836
1728961500000,1385,1,0,up,up,0.12,0.24,mv,mv,1.0331,1.8486
1728961800000,1390,1,0,dn,up,-0.01,0.07,nm,nm,0.0826,0.5354
1728962400000,1400,1,0,up,up,0.13,0.02,mv,nm,1.1323,0.1525