high,low,close,volume,time
6146.75,6143.5,6144.25,1120,1739833200
6145.25,6142.25,6143.25,714,1739833260
6143.75,6142.5,6143.5,382,1739833320
6143.75,6142.75,6143.5,211,1739833380
6143.5,6142,6142.75,245,1739833440
6143,6141.75,6142.25,159,1739833500
6142.25,6141.5,6142.25,156,1739833560
6142.25,6141.75,6142.25,121,1739833620
6142.75,6141.5,6142.25,399,1739833680
6142.5,6141,6141,350,1739833740
6142.25,6141.25,6142.25,97,1739833800
6142.5,6141.75,6142.25,89,1739833860
6142.25,6141,6141.5,93,1739833920
6141.5,6141,6141.5,75,1739833980
6141.5,6140.5,6140.75,195,1739834040
6141.25,6140.5,6141,248,1739834100
6141.25,6140.5,6140.75,55,1739834160
6141.5,6140.5,6141.25,102,1739834220
6141,6140.5,6141,137,1739834280
6141,6140.75,6141,16,1739834340
6140.75,6140,6140,176,1739834400
6140.25,6139.25,6139.5,399,1739834460
6140.25,6139.5,6139.5,119,1739834520
6139.75,6139,6139.75,181,1739834580
6140,6139,6139.5,123,1739834640
6139.75,6139,6139.5,79,1739834700
6140.25,6139.25,6140.25,126,1739834760
6140.25,6139.75,6139.75,74,1739834820
6140.25,6139.5,6139.75,98,1739834880
6139.75,6139.25,6139.5,46,1739834940
6139.5,6139,6139.5,92,1739835000
6139.25,6138.25,6138.5,267,1739835060
6139.25,6138.25,6139,119,1739835120
6139.75,6139,6139.75,109,1739835180
6139.75,6139,6139.5,74,1739835240
6139.5,6138.75,6138.75,65,1739835300
6139,6137.5,6138,289,1739835360
6137.75,6137,6137.75,230,1739835420
6138.25,6137.5,6138.25,145,1739835480
6138,6137,6137.5,140,1739835540
6138,6137.25,6137.5,135,1739835600
6137.75,6137.25,6137.75,87,1739835660
6138,6137.25,6137.75,91,1739835720
6138.25,6137.5,6138.25,94,1739835780
6138.75,6138,6138.5,217,1739835840
6140,6138.5,6139.75,295,1739835900
6140.25,6139.5,6140,176,1739835960
6140.5,6139.75,6140,178,1739836020
6141,6139.75,6140.25,163,1739836080
6140.75,6140,6140.5,90,1739836140
6141,6140.25,6141,161,1739836200
6141.25,6140.5,6141,98,1739836260
6141.25,6140.5,6140.75,124,1739836320
6141,6140.5,6140.75,68,1739836380
6141,6140.75,6141,24,1739836440
6141.5,6140.75,6141.5,69,1739836500
6141.5,6141,6141.5,44,1739836560
6141.5,6141.25,6141.25,61,1739836620
6141.5,6141.25,6141.25,26,1739836680
6141.5,6141.25,6141.5,85,1739836740
6141.5,6141,6141,126,1739836800
6141,6139.75,6140,406,1739836860
6140.5,6139.25,6140.5,194,1739836920
6140.75,6140.25,6140.5,101,1739836980
6141.5,6140.5,6141,169,1739837040
6141.25,6140.5,6141,113,1739837100
6141,6140.5,6140.75,64,1739837160
6142.25,6140.5,6141.75,249,1739837220
6142,6141.25,6141.25,83,1739837280
6141.5,6140.75,6141.25,83,1739837340
6141.25,6140.75,6141,57,1739837400
6141.25,6140.75,6141,59,1739837460
6141.25,6140.75,6141,20,1739837520
6142,6140.75,6141.5,232,1739837580
6141.75,6141.25,6141.75,49,1739837640
6142.5,6141.5,6142,261,1739837700
6142.5,6142,6142.25,97,1739837760
6142.5,6142,6142.25,71,1739837820
6142.75,6142.25,6142.5,68,1739837880
6142.5,6141.75,6142,77,1739837940
6142,6139.75,6140,369,1739838000
6140,6139.5,6139.5,102,1739838060
6140,6138.75,6140,383,1739838120
6140,6139.5,6139.75,108,1739838180
6139.75,6139.25,6139.5,66,1739838240
6140,6139.25,6139.5,71,1739838300
6140.5,6139.75,6140.25,110,1739838360
6140.5,6140,6140.25,18,1739838420
6140.5,6140,6140,37,1739838480
6140,6139.75,6140,48,1739838540
6140.25,6139.75,6140,44,1739838600
6139.75,6139.5,6139.75,51,1739838660
6140.5,6139.5,6140.5,54,1739838720
6140.5,6139.75,6140.25,33,1739838780
6141.5,6140.25,6141.5,131,1739838840
6141.75,6141.25,6141.25,110,1739838900
6141.5,6141,6141.25,66,1739838960
6142.25,6141,6142,168,1739839020
6142,6141.5,6142,49,1739839080
6142,6141.5,6141.5,56,1739839140
6142,6141,6141.25,67,1739839200
6141.75,6141.25,6141.5,54,1739839260
6141.5,6141,6141.25,29,1739839320
6141.25,6141,6141.25,13,1739839380
6141.25,6140.75,6141,40,1739839440
6141.5,6141,6141.5,31,1739839500
6141.5,6140.75,6141,18,1739839560
6141.5,6141,6141.5,59,1739839620
6141.25,6141,6141,48,1739839680
6141.25,6140.75,6141,63,1739839740
6141.25,6140.75,6140.75,91,1739839800
6140.75,6140.25,6140.75,156,1739839860
6141.25,6140.5,6140.5,310,1739839920
6140.5,6139.25,6139.5,333,1739839980
6140,6139.5,6140,200,1739840040
6140.5,6139.25,6139.5,168,1739840100
6140,6139.5,6139.75,115,1739840160
6141.25,6139.75,6141.25,102,1739840220
6142.25,6141,6141.75,244,1739840280
6142.25,6141.5,6142,103,1739840340
6142.5,6142,6142.25,297,1739840400
6142.5,6142,6142,60,1739840460
6142.5,6142,6142.25,94,1739840520
6142.5,6141.75,6142.25,183,1739840580
6142.5,6141.75,6142.25,82,1739840640
6142.75,6141.75,6142.5,132,1739840700
6142.75,6142,6142.25,108,1739840760
6142.5,6142,6142.25,103,1739840820
6143.5,6142.25,6143.25,319,1739840880
6143.5,6143,6143.25,234,1739840940
6144,6143.25,6143.5,375,1739841000
6144,6143.25,6144,96,1739841060
6144.25,6143.5,6144,185,1739841120
6144,6143,6143.25,226,1739841180
6143.5,6142.5,6142.75,146,1739841240
6142.75,6142.5,6142.5,79,1739841300
6143.25,6142.25,6142.25,86,1739841360
6143,6142.25,6142.5,83,1739841420
6143,6142.5,6142.5,29,1739841480
6142.75,6142.5,6142.5,37,1739841540
6143,6142.5,6143,21,1739841600
6143.25,6142.75,6143,75,1739841660
6143.25,6142.75,6143,30,1739841720
6143.25,6142.75,6143,14,1739841780
6143.25,6143,6143,20,1739841840
6143,6142.5,6142.75,59,1739841900
6143,6142.25,6142.5,75,1739841960
6142.75,6142.25,6142.5,27,1739842020
6142.5,6142.25,6142.25,23,1739842080
6142.25,6141.75,6142.25,130,1739842140
6143.75,6142,6143.75,213,1739842200
6144,6143.25,6143.5,96,1739842260
6144,6143.25,6143.5,54,1739842320
6143.25,6142.5,6143,108,1739842380
6143.25,6142.5,6142.75,37,1739842440
6143.5,6143,6143,71,1739842500
6143.25,6142.75,6143,71,1739842560
6143.75,6143,6143,34,1739842620
6143.25,6143,6143,29,1739842680
6143.5,6143.25,6143.5,30,1739842740
6143.5,6143,6143.25,29,1739842800
6143.25,6142.75,6142.75,48,1739842860
6143,6142.75,6142.75,23,1739842920
6143,6142.75,6143,12,1739842980
6143.25,6143,6143,29,1739843040
6143,6142.5,6143,30,1739843100
6143.25,6142.5,6142.75,31,1739843160
6143.25,6143,6143,43,1739843220
6143.5,6143,6143.25,59,1739843280
6143.5,6143,6143.25,57,1739843340
6143.75,6143.25,6143.25,38,1739843400
6143.25,6143,6143,12,1739843460
6143,6142.75,6143,50,1739843520
6143.5,6143,6143.5,140,1739843580
6143.5,6143.25,6143.5,77,1739843640
6143.5,6143.5,6143.5,12,1739843700
6143.75,6143.25,6143.25,40,1739843760
6143.5,6143,6143.25,47,1739843820
6143.75,6143,6143.5,54,1739843880
6143.75,6143.25,6143.5,48,1739843940
6143.5,6143.25,6143.25,40,1739844000
6143.25,6143,6143.25,47,1739844060
6143.25,6142.75,6142.75,30,1739844120
6143.25,6143,6143,44,1739844180
6143.25,6142.75,6143,20,1739844240
6143,6142.75,6142.75,32,1739844300
6142.75,6142.5,6142.5,47,1739844360
6143,6142.5,6143,39,1739844420
6142.75,6142.5,6142.5,16,1739844480
6142.75,6142,6142.25,56,1739844540
6142.25,6141.75,6141.75,79,1739844600
6142,6141.75,6142,54,1739844660
6142,6141.75,6141.75,29,1739844720
6142.25,6141.75,6142,65,1739844780
6142.25,6141.75,6141.75,30,1739844840
6142.5,6141.75,6142.25,65,1739844900
6142.25,6142.25,6142.25,24,1739844960
6143.25,6142.25,6143,58,1739845020
6143.5,6143.25,6143.25,57,1739845080
6143.75,6143.25,6143.5,110,1739845140
6143.75,6143.25,6143.25,88,1739845200
6143.75,6143,6143.75,49,1739845260
6143.5,6143,6143.25,24,1739845320
6143.25,6143,6143,27,1739845380
6143.5,6143.25,6143.5,38,1739845440
6143.75,6143.5,6143.5,12,1739845500
6143.75,6143.25,6143.25,47,1739845560
6143.5,6143.25,6143.5,12,1739845620
6143.75,6143.25,6143.25,32,1739845680
6143.25,6142.75,6143,40,1739845740
6143.25,6142.75,6143.25,57,1739845800
6143.25,6142.5,6142.75,41,1739845860
6143.75,6142.75,6143.5,94,1739845920
6143.5,6143,6143.25,48,1739845980
6143.5,6143.25,6143.25,20,1739846040
6143.5,6142.75,6143.5,270,1739846100
6143.75,6143.25,6143.5,46,1739846160
6144.75,6143.75,6144.5,308,1739846220
6144.75,6144.25,6144.5,68,1739846280
6145,6144.5,6144.75,131,1739846340
6144.75,6144.5,6144.5,50,1739846400
6144.75,6144.25,6144.25,44,1739846460
6144.5,6144,6144.25,56,1739846520
6144.5,6144.25,6144.25,26,1739846580
6144.5,6144,6144.25,70,1739846640
6144.5,6144,6144.25,27,1739846700
6144.5,6144.25,6144.5,15,1739846760
6144.5,6144.25,6144.25,22,1739846820
6144.5,6144.25,6144.25,33,1739846880
6144.5,6144,6144.5,86,1739846940
6144.5,6144.25,6144.25,20,1739847000
6144.5,6144.5,6144.5,2,1739847060
6144.75,6144.25,6144.75,108,1739847120
6145,6144.5,6144.75,86,1739847180
6144.75,6144.25,6144.5,71,1739847240
6145,6144.5,6144.5,61,1739847300
6144.75,6144.5,6144.75,20,1739847360
6145,6144.5,6144.75,38,1739847420
6145,6144.75,6144.75,34,1739847480
6145.25,6144.75,6144.75,91,1739847540
6145.25,6144.75,6144.75,101,1739847600
6145,6144.75,6145,22,1739847660
6145.25,6145,6145,37,1739847720
6145.25,6144.75,6145.25,146,1739847780
6145.25,6144.75,6144.75,156,1739847840
6145,6144.25,6144.75,85,1739847900
6144.75,6144.25,6144.25,89,1739847960
6144.5,6144.25,6144.5,24,1739848020
6144.75,6144.25,6144.5,74,1739848080
6144.75,6144,6144,84,1739848140
6144.5,6144,6144.25,76,1739848200
6144.75,6144.25,6144.5,20,1739848260
6144.5,6144.25,6144.25,17,1739848320
6144.5,6144.25,6144.5,17,1739848380
6144.5,6144.25,6144.5,32,1739848440
6144.75,6144.25,6144.5,32,1739848500
6144.75,6144.5,6144.5,38,1739848560
6144.75,6144.25,6144.5,25,1739848620
6144.5,6144.25,6144.25,62,1739848680
6144.75,6144.25,6144.5,59,1739848740
6145.25,6144.5,6145,44,1739848800
6145,6145,6145,37,1739848860
6145.25,6144.75,6145.25,31,1739848920
6145.25,6144.75,6145,58,1739848980
6145.25,6145,6145.25,36,1739849040
6145.5,6145,6145.25,99,1739849100
6145.25,6145,6145.25,16,1739849160
6145.5,6145.25,6145.25,65,1739849220
6145.25,6145,6145,8,1739849280
6145,6144.75,6144.75,20,1739849340
6145.5,6144.5,6145.5,222,1739849400
6145.5,6145.25,6145.5,68,1739849460
6145.5,6145.25,6145.5,38,1739849520
6145.5,6145.25,6145.25,28,1739849580
6145.5,6145.25,6145.25,19,1739849640
6145.5,6145.25,6145.25,34,1739849700
6145.5,6145.25,6145.25,29,1739849760
6145.5,6145.25,6145.5,46,1739849820
6145.5,6145.25,6145.5,11,1739849880
6145.5,6145,6145.25,24,1739849940
6145,6144.75,6144.75,34,1739850000
6145,6144.75,6145,28,1739850060
6145,6144.75,6144.75,53,1739850120
6145,6144.75,6144.75,13,1739850180
6145.25,6144.75,6145.25,33,1739850240
6145.25,6145,6145,28,1739850300
6145.25,6144.75,6145.25,27,1739850360
6145.25,6145,6145,27,1739850420
6145.5,6145,6145.25,41,1739850480
6145.5,6145.25,6145.5,13,1739850540
6145.75,6145.25,6145.75,55,1739850600
6145.75,6145.5,6145.75,13,1739850660
6146,6145.5,6145.5,82,1739850720
6145.75,6145.25,6145.75,8,1739850780
6145.5,6145.25,6145.5,14,1739850840
6145.5,6145.25,6145.5,4,1739850900
6145.5,6145,6145.25,66,1739850960
6145.5,6145,6145.5,16,1739851020
6145.75,6145.5,6145.75,11,1739851080
6145.75,6145.5,6145.75,42,1739851140
6146,6145.5,6146,95,1739851200
6145.75,6145.25,6145.5,69,1739851260
6145.5,6145.25,6145.5,15,1739851320
6145.5,6145.25,6145.5,9,1739851380
6145.75,6145.25,6145.75,43,1739851440
6145.75,6145.25,6145.25,13,1739851500
6145.5,6145.25,6145.5,19,1739851560
6145.5,6145,6145.5,61,1739851620
6145.5,6145,6145.25,14,1739851680
6145.5,6145.25,6145.25,3,1739851740
6145.5,6145.25,6145.25,9,1739851800
6145.25,6145.25,6145.25,25,1739851860
6145.25,6145,6145.25,35,1739851920
6145.25,6145,6145,44,1739851980
6145.25,6145,6145,41,1739852040
6145.25,6145,6145.25,29,1739852100
6145.5,6145.25,6145.5,15,1739852160
6145.25,6145,6145.25,83,1739852220
6145.25,6145.25,6145.25,11,1739852280
6145.25,6145,6145,13,1739852340
6145.25,6144.75,6144.75,58,1739852400
6145,6144.75,6145,18,1739852460
6145,6144.75,6145,9,1739852520
6145,6144.5,6144.5,93,1739852580
6144.5,6144.25,6144.5,46,1739852640
6144.75,6144.25,6144.5,29,1739852700
6144.5,6144.25,6144.5,33,1739852760
6144.75,6144.5,6144.5,74,1739852820
6144.75,6144.5,6144.75,13,1739852880
6144.75,6144.5,6144.75,9,1739852940
6144.75,6144.5,6144.75,23,1739853000
6144.75,6144.5,6144.75,21,1739853060
6144.75,6144.5,6144.75,18,1739853120
6145,6144.75,6145,141,1739853180
6145,6144.75,6145,31,1739853240
6145,6144.75,6144.75,53,1739853300
6145,6144.5,6144.5,9,1739853360
6145,6144.5,6145,52,1739853420
6145.25,6144.75,6144.75,34,1739853480
6144.75,6144.75,6144.75,7,1739853540
6145.25,6144.75,6145,95,1739853660
6145.25,6145,6145,27,1739853720
6145.5,6145,6145.25,58,1739853780
6145.75,6145.25,6145.5,54,1739853840
6145.5,6145.5,6145.5,31,1739853900
6145.5,6145,6145,57,1739853960
6145.25,6145,6145.25,16,1739854020
6145.5,6145.25,6145.25,22,1739854080
6145.5,6145.25,6145.5,17,1739854140
6145.5,6145.25,6145.5,27,1739854200
6145.5,6145,6145.25,49,1739854260
6145.25,6145,6145,50,1739854320
6145.5,6145.25,6145.25,20,1739854380
6145.75,6145.25,6145.5,64,1739854440
6145.5,6145.25,6145.5,12,1739854500
6145.5,6145.5,6145.5,14,1739854560
6145.5,6145.25,6145.5,43,1739854620
6145.75,6145.5,6145.75,18,1739854680
6145.75,6145.5,6145.5,6,1739854740
6145.75,6145.5,6145.75,74,1739854800
6145.75,6145.75,6145.75,12,1739854860
6145.75,6145.5,6145.5,46,1739854920
6145.75,6145.5,6145.75,27,1739854980
6145.75,6145.5,6145.5,26,1739855040
6145.5,6145,6145.25,41,1739855100
6145.5,6145.25,6145.25,20,1739855160
6145,6144.5,6144.5,46,1739855220
6144.75,6144.25,6144.25,73,1739855280
6144.5,6144.25,6144.5,57,1739855340
6144.75,6144.25,6144.25,41,1739855400
6144.25,6144,6144,85,1739855460
6144.5,6143.75,6144.5,117,1739855520
6144.5,6144.25,6144.25,66,1739855580
6144.25,6144,6144,43,1739855640
6144.25,6144,6144,22,1739855700
6144.25,6144,6144,20,1739855760
6144.25,6144,6144.25,52,1739855820
6144.25,6144,6144,63,1739855880
6144.5,6144.25,6144.5,14,1739855940
6144.5,6144,6144.25,51,1739856000
6144.25,6144,6144,18,1739856060
6144.25,6144,6144.25,10,1739856120
6144,6144,6144,8,1739856180
6144.25,6144.25,6144.25,54,1739856240
6144.5,6144,6144.25,26,1739856300
6144.25,6144,6144.25,28,1739856360
6144.25,6144,6144.25,19,1739856420
6144.25,6144,6144,23,1739856480
6144.25,6144,6144.25,10,1739856540
6144.5,6144.25,6144.25,54,1739856600
6144.5,6144.25,6144.5,31,1739856660
6144.75,6144.5,6144.5,35,1739856720
6144.25,6144,6144.25,2,1739856780
6144.25,6144,6144,19,1739856840
6144.25,6144,6144.25,28,1739856900
6144.25,6144,6144,9,1739856960
6144,6144,6144,16,1739857020
6144.5,6144,6144.25,29,1739857080
6144.25,6144,6144,8,1739857140
6144,6144,6144,16,1739857200
6144.25,6144,6144.25,11,1739857260
6144.25,6144,6144,31,1739857320
6144,6143.75,6144,28,1739857380
6144,6143.5,6143.75,144,1739857440
6143.75,6143.5,6143.75,36,1739857500
6143.75,6143.5,6143.5,32,1739857560
6143.75,6143.25,6143.5,48,1739857620
6143.75,6143.25,6143.5,44,1739857680
6143.75,6143.5,6143.5,21,1739857740
6143.5,6143.25,6143.25,35,1739857800
6143.5,6143.25,6143.5,2,1739857860
6143.5,6143.25,6143.5,12,1739857920
6143.75,6143.5,6143.5,23,1739857980
6143.75,6143.5,6143.5,37,1739858040
6143.5,6143.25,6143.25,41,1739858100
6143.5,6143.25,6143.25,50,1739858160
6143.25,6143,6143.25,78,1739858220
6143.5,6143.25,6143.5,114,1739858280
6144,6143.75,6144,63,1739858340
6143.75,6143.25,6143.5,108,1739858400
6143.5,6143.25,6143.5,14,1739858460
6143.5,6143.25,6143.25,9,1739858520
6143.25,6143.25,6143.25,2,1739858580
6143.75,6143.25,6143.75,29,1739858640
6144,6143.75,6143.75,20,1739858700
6144,6143.75,6143.75,35,1739858760
6143.75,6143.5,6143.5,18,1739858820
6143.75,6143.5,6143.75,34,1739858880
6143.75,6143.5,6143.75,36,1739858940
6143.75,6143.25,6143.5,33,1739859000
6143.5,6143.5,6143.5,29,1739859060
6144,6143.5,6143.75,42,1739859120
6144.5,6144,6144.5,55,1739859180
6144.5,6144.25,6144.5,36,1739859240
6144.75,6144.25,6144.75,52,1739859300
6145,6144.75,6145,38,1739859360
6145,6144.75,6144.75,23,1739859420
6145,6144.75,6145,29,1739859480
6145.25,6144.75,6144.75,54,1739859540
6145.25,6144.75,6145,44,1739859600
6145.75,6145,6145.75,72,1739859660
6146,6145.5,6146,94,1739859720
6146,6145.25,6145.5,79,1739859780
6145.75,6145.5,6145.75,12,1739859840
6145.75,6145.5,6145.5,48,1739859900
6146.25,6145.75,6146,279,1739859960
6146.75,6146,6146.5,155,1739860020
6146.75,6146.5,6146.5,87,1739860080
6147.25,6146.5,6147.25,232,1739860140
6147.5,6147,6147.25,277,1739860200
6147.25,6147,6147.25,103,1739860260
6147.5,6146.75,6147,202,1739860320
6147.25,6146.5,6146.75,95,1739860380
6147.5,6146.75,6147,150,1739860440
6147.75,6147,6147.5,216,1739860500
6147.75,6147.25,6147.25,76,1739860560
6149,6147.25,6148.5,595,1739860620
6149.25,6148.5,6149,236,1739860680
6151.5,6149,6151.5,912,1739860740
6152.75,6151,6152,802,1739860800
6152.5,6152,6152.25,199,1739860860
6153.25,6152.5,6153,335,1739860920
6154,6152.75,6153.5,321,1739860980
6154,6152.75,6152.75,346,1739861040
6154,6152.75,6154,362,1739861100
6154,6152.75,6153,209,1739861160
6153.5,6152.5,6152.75,158,1739861220
6152.75,6152,6152.5,117,1739861280
6153.25,6152.5,6153.25,77,1739861340
6153.5,6152.75,6153.25,43,1739861400
6153.25,6152.75,6153,135,1739861460
6153.25,6152.75,6152.75,157,1739861520
6153.5,6152.75,6153,179,1739861580
6153.25,6152.75,6153.25,88,1739861640
6153.5,6153,6153.5,44,1739861700
6153.75,6153,6153.25,80,1739861760
6153.75,6153.25,6153.5,64,1739861820
6154,6153.5,6154,70,1739861880
6154.25,6153.75,6153.75,228,1739861940
6155.25,6153.75,6154.75,542,1739862000
6154.75,6154.25,6154.75,123,1739862060
6155,6154,6154.25,105,1739862120
6155,6154.25,6155,102,1739862180
6155.75,6155.25,6155.5,193,1739862240
6155.75,6155,6155.5,112,1739862300
6156.5,6155.5,6156.25,249,1739862360
6157.25,6156,6156.75,326,1739862420
6157,6156.25,6156.5,244,1739862480
6156.5,6156,6156,153,1739862540
6156,6155.25,6156,191,1739862600
6156.75,6155.75,6156.5,140,1739862660
6156.25,6156,6156.25,64,1739862720
6156.25,6155.5,6155.5,59,1739862780
6156.25,6155.5,6156,50,1739862840
6156.25,6155.75,6155.75,50,1739862900
6156.25,6155.5,6156,86,1739862960
6156,6155.75,6155.75,32,1739863020
6155.75,6155,6155,96,1739863080
6155.75,6155,6155.5,86,1739863140
6156,6155.5,6155.5,66,1739863200
6156.5,6155.75,6156,155,1739863260
6156.25,6155.75,6156,87,1739863320
6156,6155.5,6155.75,106,1739863380
6155.5,6155,6155,50,1739863440
6155,6154.5,6154.75,70,1739863500
6155.25,6154.75,6155,125,1739863560
6155,6154.5,6154.75,100,1739863620
6155,6154.5,6154.5,52,1739863680
6155,6154.5,6154.5,52,1739863740
6154.75,6154,6154.5,132,1739863800
6155,6154.5,6155,105,1739863860
6155.25,6154.75,6155.25,18,1739863920
6155.25,6154.75,6155,55,1739863980
6155.75,6154.75,6155.25,68,1739864040
6155.25,6155,6155,20,1739864100
6155.25,6155,6155,7,1739864160
6155.25,6155,6155.25,73,1739864220
6155.75,6155.25,6155.25,38,1739864280
6155.5,6155,6155.25,71,1739864340
6155.5,6155.25,6155.25,17,1739864400
6155.5,6154.75,6155,58,1739864460
6155.5,6155,6155.5,58,1739864520
6156,6155.5,6156,61,1739864580
6156.25,6155.75,6156,41,1739864640
6156.5,6156,6156,62,1739864700
6156.25,6155.5,6155.75,49,1739864760
6156.25,6155.75,6156,69,1739864820
6156.25,6156,6156.25,82,1739864880
6156,6155.5,6155.5,47,1739864940
6155.75,6154.25,6154.25,237,1739865000
6155,6154,6154.5,211,1739865060
6155,6154.5,6155,118,1739865120
6155.5,6155,6155.5,53,1739865180
6156,6155.25,6156,77,1739865240
6156,6155.25,6155.25,70,1739865300
6155.75,6155,6155.5,57,1739865360
6156,6155.5,6155.75,31,1739865420
6156.75,6156,6156.25,248,1739865480
6156.5,6155.75,6156.25,56,1739865540
6156.5,6154.5,6154.75,518,1739865600
6155,6154,6154,263,1739865660
6154.25,6152.25,6152.75,426,1739865720
6153,6152.5,6153,117,1739865780
6152.75,6152.25,6152.25,206,1739865840
6153.25,6152.5,6152.5,192,1739865900
6152.5,6150.25,6150.75,572,1739865960
6150.75,6149.5,6149.75,436,1739866020
6150,6149.25,6149.5,179,1739866080
6150,6149.5,6149.75,132,1739866140
6149.75,6147.5,6148.25,432,1739866200
6148.75,6147.75,6148.25,154,1739866260
6149.25,6148,6149,127,1739866320
6150,6149,6150,159,1739866380
6149.75,6149.25,6149.5,108,1739866440
6150.25,6149.5,6150,163,1739866500
6150.25,6149.75,6150,87,1739866560
6150.25,6149.5,6149.75,122,1739866620
6150.25,6149.25,6149.25,137,1739866680
6150.25,6149.25,6150,99,1739866740
6150,6149.25,6149.5,52,1739866800
6151.5,6149.5,6151.25,234,1739866860
6152,6151.5,6151.75,134,1739866920
6152.5,6151.75,6152.25,133,1739866980
6152.25,6151.5,6151.75,132,1739867040
6151.75,6150.75,6151.25,109,1739867100
6151.5,6151,6151.25,45,1739867160
6152,6151,6151.5,154,1739867220
6151.75,6151.5,6151.75,57,1739867280
6152,6150.5,6150.75,333,1739867340
6151.75,6151,6151.5,85,1739867400
6151.25,6150.25,6150.75,193,1739867460
6150.75,6149,6149.25,315,1739867520
6149.5,6149,6149.25,173,1739867580
6149.75,6148.75,6148.75,123,1739867640
6149.25,6147.25,6148,346,1739867700
6148.75,6147.75,6148.5,107,1739867760
6149.25,6148,6148.75,172,1739867820
6149.25,6148.75,6149.25,61,1739867880
6150,6149,6149.75,223,1739867940
6150.5,6149.25,6150.5,643,1739868000
6150.5,6149.25,6149.25,224,1739868060
6150.25,6149.5,6150.25,130,1739868120
6151,6149,6149.5,248,1739868180
6150.25,6149.25,6150.25,222,1739868240
6150.75,6150,6150.75,73,1739868300
6151.5,6149.5,6150,243,1739868360
6150.5,6149.5,6149.5,93,1739868420
6150.25,6149,6150.25,154,1739868480
6150.25,6149.75,6149.75,83,1739868540
6150.75,6149.75,6150.5,97,1739868600
6151.25,6150.25,6151,80,1739868660
6151.5,6150.5,6150.75,116,1739868720
6151.25,6150.75,6151,222,1739868780
6150.75,6150,6150.5,201,1739868840
6150.75,6150.25,6150.5,54,1739868900
6151.5,6150.5,6151.25,380,1739868960
6151.25,6150.5,6150.75,108,1739869020
6152,6151.25,6151.75,145,1739869080
6152,6151.5,6152,136,1739869140
6152,6149.5,6152,446,1739869200
6153.75,6152,6153.5,483,1739869260
6153.75,6152.5,6152.75,495,1739869320
6153,6151,6151,303,1739869380
6152,6150.5,6152,213,1739869440
6152,6151,6151.75,268,1739869500
6152.5,6151.25,6152,165,1739869560
6151.75,6151.25,6151.5,102,1739869620
6152.25,6151.25,6152.25,143,1739869680
6152,6151.5,6151.75,205,1739869740
6151.75,6150.5,6151,282,1739869800
6152,6151.25,6152,245,1739869860
6152,6151.5,6151.5,139,1739869920
6152.5,6151.25,6152.5,92,1739869980
6153,6152.5,6152.5,86,1739870040
6152.5,6151.25,6151.5,169,1739870100
6152,6151.5,6152,65,1739870160
6152.25,6151.75,6152,70,1739870220
6152.5,6152,6152.5,42,1739870280
6153.25,6152.75,6153.25,70,1739870340
6153.5,6152.75,6153.5,40,1739870400
6153.5,6153,6153.25,82,1739870460
6153.5,6153,6153,99,1739870520
6153.25,6152.75,6153,51,1739870580
6153,6152.25,6152.5,61,1739870640
6152.75,6152,6152.25,76,1739870700
6152.5,6151.25,6151.25,94,1739870760
6151.25,6150.5,6151,128,1739870820
6150.75,6149.5,6149.75,190,1739870880
6150,6149.5,6149.75,194,1739870940
6151,6149.5,6150.5,149,1739871000
6150.5,6149.5,6149.5,53,1739871060
6150.25,6149.5,6150,84,1739871120
6150.25,6149.5,6150,77,1739871180
6150,6149.5,6149.75,31,1739871240
6149.75,6148.75,6149.25,195,1739871300
6150,6149.25,6149.5,96,1739871360
6149.5,6148.25,6148.75,146,1739871420
6148.5,6148,6148.5,181,1739871480
6148.75,6148,6148.5,94,1739871540
6149.25,6148.25,6148.75,133,1739871600
6148.75,6148.5,6148.75,67,1739871660
6148.75,6148.5,6148.5,29,1739871720
6148.75,6148.5,6148.75,18,1739871780
6149,6147.5,6147.5,126,1739871840
6148.25,6147.5,6147.75,157,1739871900
6148.25,6147.5,6148.25,116,1739871960
6148.25,6147.25,6147.75,115,1739872020
6148.25,6147.5,6148.25,51,1739872080
6148.25,6147.5,6147.75,59,1739872140
6148,6147,6148,193,1739872200
6148.25,6147.75,6148,117,1739872260
6148.5,6148,6148.5,78,1739872320
6148.75,6147.75,6147.75,132,1739872380
6148.25,6147.25,6147.75,109,1739872440
6147.75,6146.75,6147,184,1739872500
6147.5,6146.5,6146.75,210,1739872560
6147,6146.25,6146.5,121,1739872620
6147.25,6146.5,6147.25,89,1739872680
6147.75,6147,6147.5,116,1739872740
6147.5,6147,6147.25,88,1739872800
6147.25,6146.5,6146.75,87,1739872860
6147.25,6146.25,6146.5,198,1739872920
6146.5,6144.5,6145,498,1739872980
6145.75,6144.75,6145.75,122,1739873040
6147,6145.5,6146.75,281,1739873100
6147.25,6146.75,6147,36,1739873160
6148.25,6147,6147.5,235,1739873220
6148.5,6147.5,6148.5,74,1739873280
6148.75,6148,6148.25,147,1739873340
6148.5,6147.25,6147.75,309,1739873400
6148,6146.25,6146.5,269,1739873460
6146.75,6146,6146.75,74,1739873520
6147,6146.25,6146.75,73,1739873580
6147,6146.25,6146.75,120,1739873640
6147.5,6146.75,6147.5,79,1739873700
6147.75,6146.5,6146.75,205,1739873760
6147.25,6146.75,6146.75,47,1739873820
6147.5,6146.75,6147.5,53,1739873880
6147.5,6147,6147.5,83,1739873940
6147.25,6146.5,6146.5,65,1739874000
6147,6146.75,6147,26,1739874060
6147.5,6146.25,6147.25,136,1739874120
6148.25,6147.25,6148,104,1739874180
6148.25,6147.75,6148.25,30,1739874240
6148.75,6148.25,6148.5,198,1739874300
6148.75,6148,6148,66,1739874360
6148.5,6148,6148.5,55,1739874420
6149,6148.5,6148.75,77,1739874480
6149.5,6148.75,6149.25,120,1739874540
6149.5,6149,6149.25,116,1739874600
6149.75,6149,6149.75,87,1739874660
6150.25,6149.25,6149.5,237,1739874720
6150.25,6149.5,6150,47,1739874780
6150.75,6149.5,6149.5,307,1739874840
6150.25,6149.5,6150.25,57,1739874900
6150.75,6150,6150.25,63,1739874960
6151.25,6150.25,6151,345,1739875020
6151,6150.5,6150.75,250,1739875080
6151,6150.5,6150.75,20,1739875140
6151,6150.75,6151,49,1739875200
6151,6150.5,6150.75,128,1739875260
6151.75,6151,6151.5,165,1739875320
6151.75,6151.25,6151.25,119,1739875380
6151.5,6151.25,6151.5,78,1739875440
6151.75,6151,6151,108,1739875500
6151.25,6151,6151,151,1739875560
6151.5,6151.25,6151.5,27,1739875620
6151.75,6151.25,6151.75,25,1739875680
6151.5,6151,6151.25,91,1739875740
6151.5,6151.25,6151.25,48,1739875800
6151.5,6151,6151.25,103,1739875860
6151.75,6151,6151.75,118,1739875920
6152,6151.5,6151.75,36,1739875980
6152,6151.5,6151.5,40,1739876040
6151.75,6151.25,6151.5,85,1739876100
6152.5,6151.75,6152.25,132,1739876160
6152.25,6151.5,6152,130,1739876220
6152.25,6151.5,6151.5,79,1739876280
6152.25,6151.5,6152.25,64,1739876340
6152.5,6152,6152.25,96,1739876400
6153.25,6152.5,6152.75,297,1739876460
6152.5,6152.25,6152.5,73,1739876520
6152.25,6151.5,6152.25,85,1739876580
6152.75,6152,6152.5,124,1739876640
6153,6152,6152.25,117,1739876700
6152.5,6152.25,6152.5,37,1739876760
6153,6152.5,6152.75,29,1739876820
6153.25,6152.75,6153,40,1739876880
6153.25,6152.5,6152.5,77,1739876940
6152.5,6151.5,6152,159,1739877000
6152,6151,6151.75,143,1739877060
6152.25,6151.5,6151.75,79,1739877120
6152,6151.5,6151.75,45,1739877180
6152,6151.5,6151.75,73,1739877240
6152.5,6151.75,6152.25,52,1739877300
6152.75,6152.25,6152.5,66,1739877360
6153,6152.5,6152.75,63,1739877420
6153.5,6152.75,6153.25,99,1739877480
6153.5,6153,6153,55,1739877540
6153.75,6153,6153.75,90,1739877600
6154,6153.5,6153.75,173,1739877660
6153.75,6153.25,6153.5,62,1739877720
6153.75,6153.25,6153.5,40,1739877780
6153.5,6153.25,6153.5,49,1739877840
6153.25,6153,6153,63,1739877900
6153.5,6153,6153.5,28,1739877960
6153.5,6152.75,6153,60,1739878020
6153.5,6152.75,6153,94,1739878080
6153.25,6152.75,6153.25,79,1739878140
6153.5,6153,6153.5,66,1739878200
6153.5,6153,6153,33,1739878260
6153,6152.75,6153,43,1739878320
6153.25,6152.75,6153,18,1739878380
6153.5,6152.75,6152.75,89,1739878440
6152.75,6152,6152.25,65,1739878500
6152.75,6152.25,6152.5,59,1739878560
6152.5,6152.25,6152.25,34,1739878620
6152.5,6152,6152.25,29,1739878680
6152.5,6152,6152,37,1739878740
6152.25,6151.75,6152,73,1739878800
6152,6151.5,6151.75,97,1739878860
6152,6151.25,6151.5,93,1739878920
6152,6151.25,6151.25,149,1739878980
6151.5,6151,6151,139,1739879040
6151.5,6150.75,6151.5,105,1739879100
6151.5,6151.25,6151.25,30,1739879160
6151.5,6150.5,6150.75,153,1739879220
6151.25,6151,6151.25,39,1739879280
6151.75,6151.25,6151.75,55,1739879340
6151.75,6151.25,6151.25,74,1739879400
6152,6151.5,6152,57,1739879460
6152,6151.5,6151.5,35,1739879520
6152,6151.5,6151.75,32,1739879580
6152.5,6152,6152,86,1739879640
6152,6151.25,6151.5,101,1739879700
6151.5,6151.25,6151.25,47,1739879760
6151.5,6151,6151.25,121,1739879820
6151.75,6151.25,6151.75,88,1739879880
6152.25,6152,6152,53,1739879940
6152,6151,6151.25,353,1739880000
6151.75,6151.25,6151.75,92,1739880060
6152,6151.75,6152,65,1739880120
6151.75,6151,6151.5,89,1739880180
6151.75,6151.25,6151.25,154,1739880240
6152.25,6151,6152.25,105,1739880300
6153.75,6152,6153.25,329,1739880360
6154,6153,6153.25,285,1739880420
6153.5,6153,6153.25,75,1739880480
6153.75,6153.25,6153.5,45,1739880540
6153.75,6153.25,6153.25,127,1739880600
6154,6153.25,6153.75,193,1739880660
6154,6153.5,6154,104,1739880720
6154,6153.25,6153.5,79,1739880780
6154,6153,6153,190,1739880840
6153,6152.5,6152.75,87,1739880900
6153.25,6152.25,6152.5,119,1739880960
6152.25,6151.25,6151.75,175,1739881020
6152.75,6151.75,6152.75,62,1739881080
6152.75,6152,6152,163,1739881140
6152.5,6151.75,6152.5,75,1739881200
6153,6152.5,6152.75,51,1739881260
6153.5,6152.75,6153.25,120,1739881320
6153.75,6153.25,6153.75,63,1739881380
6154,6153.5,6153.75,77,1739881440
6154.75,6153.75,6154.5,264,1739881500
6154.75,6154.25,6154.5,216,1739881560
6154.75,6154,6154,86,1739881620
6154.5,6154.25,6154.25,55,1739881680
6154,6153.5,6153.5,136,1739881740
6154,6153.5,6154,121,1739881800
6154.5,6153.75,6153.75,146,1739881860
6154.5,6153.25,6154.25,153,1739881920
6155,6154.25,6154.75,122,1739881980
6156,6154.75,6156,383,1739882040
6156.25,6155.25,6156,230,1739882100
6156.25,6155.25,6155.5,172,1739882160
6156,6155.25,6155.75,279,1739882220
6155.75,6155.25,6155.75,131,1739882280
6156,6155.5,6156,182,1739882340
6156.25,6155.75,6155.75,103,1739882400
6156,6154.75,6155.25,200,1739882460
6155.25,6155,6155.25,90,1739882520
6155.25,6154.25,6155,241,1739882580
6155.25,6154.75,6155,66,1739882640
6155.75,6154.5,6155.5,157,1739882700
6155.75,6154.75,6154.75,197,1739882760
6155,6154.25,6154.5,190,1739882820
6155,6154.5,6154.75,47,1739882880
6154.5,6154.25,6154.5,46,1739882940
6154.75,6154,6154.25,81,1739883000
6154.5,6154.25,6154.5,118,1739883060
6154.75,6154.25,6154.75,88,1739883120
6155,6154.25,6154.75,348,1739883180
6154.75,6154.5,6154.5,23,1739883240
6154.75,6154.25,6154.5,194,1739883300
6154.5,6154,6154.5,265,1739883360
6154.5,6154,6154.25,25,1739883420
6154.5,6154.25,6154.25,301,1739883480
6154.5,6154,6154.5,181,1739883540
6154.5,6152.75,6153.25,550,1739883600
6154.25,6153,6154,208,1739883660
6154.25,6153,6153.25,151,1739883720
6153.75,6152.75,6153.75,147,1739883780
6153.5,6152.5,6152.5,174,1739883840
6153,6151.25,6151.25,375,1739883900
6152.25,6151.25,6151.75,248,1739883960
6152,6151.25,6151.75,179,1739884020
6152.25,6151.5,6151.75,255,1739884080
6151.75,6151.25,6151.25,117,1739884140
6151.75,6151,6151.75,193,1739884200
6152,6150.75,6151,308,1739884260
6152,6151,6151.5,165,1739884320
6152.5,6151.25,6152.25,210,1739884380
6152.75,6152,6152,260,1739884440
6153,6151.25,6153,398,1739884500
6153.25,6152.75,6153,334,1739884560
6154,6153,6153.75,234,1739884620
6154.5,6153.75,6154,290,1739884680
6155.5,6154,6155.25,440,1739884740
6156,6155.25,6156,693,1739884800
6156.75,6155.75,6156,353,1739884860
6156.75,6156,6156.25,245,1739884920
6157,6156.25,6157,323,1739884980
6157.75,6156.75,6157.25,750,1739885040
6157.5,6155.75,6156,387,1739885100
6156.75,6155.5,6156,499,1739885160
6156.25,6155.25,6155.5,253,1739885220
6156,6155.25,6155.5,125,1739885280
6156,6155.25,6155.75,164,1739885340
6156.75,6155,6155,554,1739885400
6155.5,6154.75,6155.5,317,1739885460
6156,6155.25,6155.5,199,1739885520
6156,6155.25,6155.5,105,1739885580
6155.5,6154.75,6155.25,257,1739885640
6155.5,6155,6155,102,1739885700
6155.75,6155,6155.25,85,1739885760
6155.75,6155.25,6155.5,92,1739885820
6156.75,6155.5,6156.25,132,1739885880
6156.25,6155.5,6155.5,235,1739885940
6156,6155.5,6155.75,146,1739886000
6155.75,6155.25,6155.75,170,1739886060
6157,6155.75,6156.5,210,1739886120
6156.75,6156.25,6156.5,152,1739886180
6156.75,6156.25,6156.75,53,1739886240
6157.25,6156,6156,225,1739886300
6156.5,6155.5,6156,208,1739886360
6156.5,6156,6156,56,1739886420
6156.5,6155.75,6156.25,111,1739886480
6157,6156,6157,177,1739886540
6157,6156.75,6157,137,1739886600
6157.25,6156.25,6156.25,206,1739886660
6156.5,6155.5,6156,402,1739886720
6156.25,6156,6156.25,73,1739886780
6156.75,6156,6156.25,170,1739886840
6156.25,6155.5,6155.5,114,1739886900
6156.75,6155.5,6156,231,1739886960
6156.75,6156,6156.75,125,1739887020
6157.25,6156.5,6156.75,148,1739887080
6157.25,6156.5,6156.75,208,1739887140
6157.25,6156.75,6156.75,291,1739887200
6156.75,6156,6156,222,1739887260
6156.5,6155.75,6156.25,252,1739887320
6156.5,6155.5,6156,223,1739887380
6156.5,6155.75,6156.5,227,1739887440
6156.75,6155.25,6155.5,195,1739887500
6156.5,6155.5,6156.25,185,1739887560
6156.75,6156,6156.25,205,1739887620
6156.5,6155,6156.25,333,1739887680
6156.75,6156,6156.5,309,1739887740
6157,6156.25,6156.75,228,1739887800
6157,6156.5,6156.75,112,1739887860
6157,6156.25,6157,221,1739887920
6156.75,6156,6156,209,1739887980
6156.75,6155.75,6156,201,1739888040
6156,6155.25,6155.75,229,1739888100
6155.5,6154.75,6155,308,1739888160
6155.5,6154.5,6155,463,1739888220
6155.5,6154.75,6155,169,1739888280
6155.25,6154,6154,313,1739888340
6154.25,6152.75,6153.75,718,1739888400
6154,6153,6153.25,225,1739888460
6153.25,6152.5,6152.75,282,1739888520
6153.25,6152,6153.25,538,1739888580
6153.25,6152.5,6152.5,178,1739888640
6152.5,6151,6151.25,1243,1739888700
6151.75,6150.75,6151,485,1739888760
6151.25,6147.25,6147.5,2388,1739888820
6148,6144.5,6145.75,3148,1739888880
6146.5,6142.5,6143.25,3324,1739888940
6144.5,6140.25,6143.5,7843,1739889000
6144,6138.25,6139.25,6916,1739889060
6142.5,6138.25,6141.75,5761,1739889120
6143,6140.75,6141.5,4466,1739889180
6142,6139.75,6140.75,2990,1739889240
6142,6140.5,6141,2174,1739889300
6141.5,6139.25,6140,2398,1739889360
6141.75,6137,6141.25,5136,1739889420
6143,6140.5,6141.25,3033,1739889480
6142,6140.5,6142,1758,1739889540
6142.5,6140.25,6140.5,1584,1739889600
6141,6139,6140.5,2154,1739889660
6141.75,6139.75,6139.75,1451,1739889720
6140.5,6139,6139.5,1433,1739889780
6140.25,6135.25,6136.5,5187,1739889840
6138.75,6136,6136.25,3757,1739889900
6139,6135.5,6136.25,2979,1739889960
6136.5,6133.75,6134.75,4540,1739890020
6138,6134.75,6137.25,3963,1739890080
6138,6136.5,6137,1823,1739890140
6137.5,6133.5,6135,3650,1739890200
6137,6134.5,6136.75,1750,1739890260
6139.25,6136.25,6139.25,3490,1739890320
6140.5,6139,6139.75,3351,1739890380
6140.5,6138,6138.25,2074,1739890440
6140,6138.25,6139.75,1663,1739890500
6140.75,6138.75,6140.5,1683,1739890560
6140.75,6138.75,6139,1202,1739890620
6139.75,6138,6138,998,1739890680
6137.75,6135,6135.75,4180,1739890740
6136.25,6131.75,6132.5,6106,1739890800
6132.75,6128,6129.25,8166,1739890860
6131.75,6127.5,6129.75,5248,1739890920
6132.25,6128.75,6131.5,2718,1739890980
6133.5,6130.5,6132.5,2746,1739891040
6133.25,6130.5,6132.5,2123,1739891100
6134.25,6131.25,6133.75,2457,1739891160
6134.75,6133,6134,2498,1739891220
6134.5,6132.75,6134.5,1137,1739891280
6134.25,6132.75,6133.5,977,1739891340
6133.5,6130.5,6131.5,2298,1739891400
6134,6131,6133.25,1848,1739891460
6135,6132.5,6135,1519,1739891520
6137.5,6135,6136.25,3902,1739891580
6136.5,6135,6135.5,1313,1739891640
6136.5,6133,6134,2731,1739891700
6134.25,6130.75,6130.75,2984,1739891760
6132.25,6129.75,6130.75,2842,1739891820
6133.25,6130.75,6132,1468,1739891880
6132.5,6128.5,6130,2871,1739891940
6133,6129,6133,2257,1739892000
6133,6131,6132,1888,1739892060
6133,6131.25,6132,1324,1739892120
6134.5,6131.75,6132.25,2058,1739892180
6133.25,6131,6132.75,1212,1739892240
6134,6132.25,6132.25,1256,1739892300
6132.75,6129.75,6130.25,2381,1739892360
6130.5,6128.5,6129.5,2599,1739892420
6130.25,6128.75,6129.5,1278,1739892480
6131,6129.25,6130.75,1392,1739892540
6131.5,6129,6129,1729,1739892600
6131.5,6127.75,6131.5,2743,1739892660
6132.25,6130.25,6132.25,1894,1739892720
6132.75,6130.75,6132.25,1397,1739892780
6133,6130,6131,2085,1739892840
6132.75,6130.75,6132.25,1514,1739892900
6133.25,6132,6132.75,1018,1739892960
6133.75,6132.5,6133.5,1522,1739893020
6136,6133.5,6135.25,2829,1739893080
6136.25,6134,6134.75,2393,1739893140
6135.5,6133.75,6134.75,1682,1739893200
6135.25,6133.25,6134.25,1280,1739893260
6135.75,6134,6135.25,1027,1739893320
6136.75,6135,6136.25,1447,1739893380
6136.5,6135.75,6136,872,1739893440
6136.5,6134.25,6134.5,1716,1739893500
6135,6131,6132.75,3666,1739893560
6133.25,6131,6132.25,2010,1739893620
6133.25,6131.25,6133,1287,1739893680
6133.75,6132.5,6133.75,1076,1739893740
6135.5,6132.75,6134.5,1317,1739893800
6136.75,6133.5,6136.75,1573,1739893860
6139,6136.5,6138.75,3429,1739893920
6139,6138,6138.5,1821,1739893980
6139.5,6138,6139.5,1188,1739894040
6139.75,6138.5,6139,1826,1739894100
6140,6138.5,6139.25,1306,1739894160
6140,6138.75,6139.75,854,1739894220
6140,6137.5,6138.25,1675,1739894280
6140.5,6138.25,6140.25,1572,1739894340
6140.25,6139.25,6139.75,1432,1739894400
6140.5,6139.25,6139.5,1095,1739894460
6140.25,6139,6139.75,869,1739894520
