FT,FullK,diffKD,OB,OS,vol,s15,s30,s60,ToD,Inertias,percBB,spreadRSI,ADX,RSI,Wpercent,acc,CLASS
1727154000000,100,1.2821,1,0,69,0.14,0.62,0.78,60,102.2603,141.2169,5.9909,20.0855,74.3548,-0,0.87,_4up
1727154300000,100,1.2821,1,0,97,0.25,0.62,0.88,65,135.1106,135.1381,2.0181,22.4652,76.1709,-0,0.86,_4up
1727154600000,100,0,1,0,12,0.45,0.53,0.9,70,90.0292,144.1445,4.0385,25.3744,80.028,-0,0.83,_1dn
1727154900000,99.1667,-0.5556,1,0,1,0.21,0.41,0.97,75,7.7753,125.2776,1.0239,28.0412,79.3276,-1.0204,0.48,_1dn
1727155200000,99.1667,-0.2778,1,0,3,0.12,0.44,0.89,80,23.1166,113.1885,16.0435,27.838,79.3276,-1.0309,0.23,_2dnR
1727155500000,80,-12.7778,1,0,2,-0.23,0.21,0.66,85,18.5844,73.6521,-1.3916,27.6518,63.9969,-24.7423,0.05,_4up
1727156400000,84.8214,-3.1746,1,0,100,0.09,0.05,0.73,100,794.9577,78.1415,-1.0732,27.8718,66.1678,-17.5258,-0.19,_4up
1727156700000,91.0714,5.7738,1,0,50,0.14,0.03,0.72,105,508.6363,86.5959,-0.7961,28.4473,68.2558,-12.1951,0.01,_3upR
1727157000000,100,8.0357,1,0,18,0.2,0.04,0.56,110,176.8426,113.0656,0.2951,29.6016,71.7839,-0,-0.31,_2dnR
1727157300000,100,2.9762,1,0,300,0.14,0.3,0.46,115,1084.5793,108.1143,-0.4257,30.7058,72.0446,-0,-0.35,_2dnR
1727157600000,100,0,1,0,302,0.06,0.3,0.51,120,669.1978,106.2923,2.881,31.2401,72.5971,-0,-0.41,_3upR
1727158200000,92.233,-5.178,1,0,195,-0.06,0.15,0.43,130,345.6384,74.2673,3.4648,31.485,66.8336,-15.6863,-0.23,_4up
1727158500000,98.0583,1.2945,1,0,2,0.01,0.14,0.26,135,3.9451,94.774,0.6856,31.7095,68.8566,-6.25,-0.41,_4up
1727159100000,100,3.2362,1,0,3,0.07,0.07,0.2,145,6.256,102.0517,4.0682,31.9153,69.8593,-0,-0.6,_4up
1727159400000,100,0.6472,1,0,183,0.13,0.13,0.18,150,317.7198,135.0214,8.191,32.7738,73.0184,-0,-0.58,_4up
1727159700000,100,0,1,0,13,0.22,0.2,0.49,155,31.8573,137.9503,4.2514,33.917,74.7506,-0,-0.3,_4up
1727160000000,100,0,1,0,220,0.29,0.29,0.53,160,611.0767,136.8409,5.6072,35.2982,76.4032,-0,-0.18,_4up
1727160300000,100,0,1,0,1448,0.31,0.44,0.65,165,1326.0815,164.2428,6.6977,37.4105,80.7547,-0,0.29,_4up
1727160600000,100,0,1,0,503,0.36,0.56,0.67,170,363.4148,156.4569,4.2236,39.6612,82.4291,-0,0.42,_4up
1727160900000,86.5385,-8.9744,1,0,655,0.35,0.64,0.64,175,371.2093,146.2397,4.9672,42.3058,83.637,-17.5,0.47,_3upR
1727161200000,100,4.4872,1,0,86,0.35,0.69,0.82,180,50.3739,154.7064,2.2033,44.9097,86.7581,-0,0.66,_1dn
1727161500000,100,4.4872,1,0,1086,0.29,0.67,0.85,185,465.5246,135.1847,17.0143,44.5316,87.004,-0,0.6,_1dn
1727162100000,88.3929,-7.7381,1,0,50,-0.11,0.46,0.75,195,22.3801,104.047,3.4455,44.1851,76.8827,-14.4444,0.39,_1dn
1727162400000,82.8571,-7.5595,1,0,100,0.03,0.19,0.66,200,69.0589,88.9635,2.4062,43.3162,73.3047,-20.4545,0,_1dn
1727162700000,47.9592,-25.1105,0,0,52,-0.38,-0.22,0.36,205,43.8518,25.1127,5.7471,39.7174,54.9067,-57.9545,-0.41,_2dnR
1727163000000,7.7778,-38.4203,0,0,12,-0.65,-0.81,0.05,210,14.7973,-34.5484,-1.4185,38.1776,43.3874,-94.3182,-0.76,_4up
1727163300000,41.1111,8.8284,0,0,63,-0.17,-0.32,0.18,215,78.9878,17.3381,-0.4171,35.3297,53.3886,-63.8554,-0.65,_4up
1727163600000,42.2222,11.8519,0,0,13,0.24,-0.39,0.15,220,76.6315,15.8295,2.3436,33.1286,53.6862,-62.6506,-0.71,_4up
1727163900000,82.2222,27.037,0,0,406,0.42,0.02,0.43,225,1075.6321,83.7587,5.2928,31.4475,62.969,-19.2771,-0.26,_4up
1727164200000,90.9091,19.1246,0,0,49,0.58,0.28,0.29,230,141.1036,93.7108,2.4166,30.2431,64.685,-9.6386,-0.4,_4up
1727164500000,92,3.6229,1,0,161,0.42,0.8,0.33,235,392.1263,108.4102,5.4032,29.9165,67.1741,-8.4211,0.02,_4up
1727164800000,100,5.697,1,0,2957,0.28,0.7,0.14,240,1389.7165,112.966,19.0658,27.5452,68.7747,-0,0.38,_4up
1727165100000,100,2.6667,1,0,959,0.35,0.92,0.47,245,361.9449,126.3782,8.3401,25.7034,71.4338,-0,0.1,_4up
1727165400000,94.8718,-3.4188,1,0,1212,0.84,0.66,0.41,250,361.9018,120.2074,8.5762,24.3358,71.808,-5.1282,0.15,_4up
1727165700000,100,1.7094,1,0,871,0.21,0.58,0.6,255,240.67,125.2793,9.7418,23.4035,74.3714,-0,0.12,_2dnR
1727166000000,94.5205,-1.9436,1,0,1513,0.26,0.64,0.91,260,338.4015,125.364,11.0647,23.3344,76.5329,-5.4795,0.41,_2dnR
1727166300000,97.9452,0.4566,1,0,430,0.23,1.16,1.36,265,92.9496,117.5209,7.5545,23.271,77.3349,-2.0548,0.76,_1dn
1727166600000,85.6164,-7.0776,1,0,562,-0.01,0.21,1,270,173.7907,91.5712,7.5274,22.4031,68.1831,-16.2791,0.89,_2dnR
1727166900000,87.6712,-2.7397,1,0,241,-0.13,0.16,1.11,275,85.5525,89.6245,4.2869,21.6076,68.8533,-13.9535,0.7,_3upR
1727167200000,84.2466,-1.5982,1,0,579,-0.05,0.03,0.78,280,236.3919,76.5637,4.7123,20.1208,66.3137,-19.3277,0.64,_3upR
1727167500000,81.5068,-2.968,1,0,500,-0.11,-0.07,0.52,285,223.8564,60.6434,5.3923,18.6261,64.2456,-22.6891,-0.03,_3upR
1727167800000,89.726,4.5662,1,0,500,0.09,-0.1,0.57,290,304.567,86.2997,3.7741,17.5475,67.5569,-12.605,-0.17,_2dnR
1727168100000,95.2055,6.3927,1,0,100,0.33,0.11,1.12,295,69.0639,107.1931,4.4208,16.9755,69.6041,-5.8824,-0.59,_1dn
1727168400000,88.3721,-2.7291,1,0,3032,0,0.01,0.27,300,1049.7052,70.6478,4.8285,15.5731,65.1212,-33.3333,-0.89,_1dn
1727168700000,77.5194,-9.5129,0,0,928,-0.22,-0.05,0.05,305,282.084,-7.6552,0.2316,14.6823,57.9908,-72.5,-0.9,_1dn
1727169000000,71.4286,-7.6781,0,0,890,-0.12,0.06,-0.08,310,256.2963,-36.9814,5.957,13.7641,55.6181,-85,-0.91,_1dn
1727169300000,58.8235,-10.4336,0,0,5150,-0.21,-0.34,-0.29,315,831.9522,-64.4983,0.3717,13.1758,49.0502,-100,-0.8,_2dnR
1727169600000,43.6975,-14.2857,0,0,4042,-0.51,-0.6,-0.62,320,489.1284,-70.7932,-0.4517,13.6669,42.4828,-95.5224,-1.15,_3upR
1727169900000,55.4622,2.8011,0,0,115,-0.14,-0.31,-0.35,325,13.9025,-17.463,-3.5455,13.7868,48.3504,-73.0159,-1.02,_1dn
1727170500000,15.7143,-22.577,0,0,724,0.06,-0.31,-0.43,335,104.5788,-19.5708,-1.6144,14.285,46.1493,-82.5397,-0.74,_2dnR
1727170800000,12.8571,-15.1541,0,0,501,-0.08,-0.45,-0.37,340,75.0724,-12.389,-2.798,14.983,45.3978,-85.7143,-0.51,_2dnR
1727171100000,0,-9.5238,0,1,848,-0.17,-0.34,-0.33,345,127.5402,-25.1271,-4.9455,15.9594,41.0249,-100,-0.51,_3upR
1727171400000,16.4384,6.6732,0,1,193,0.05,0.04,-0.46,350,51.4458,9.8774,-3.4483,15.915,46.6328,-81.8182,-0.06,_2dnR
1727171700000,18.9873,7.1788,0,1,1322,0.06,-0.14,-0.6,355,611.281,3.9812,0.5169,16.8976,44.3333,-80,0.07,_3upR
1727172000000,16,-1.1419,0,1,574,-0.09,-0.14,-0.48,360,236.1657,1.6851,-3.4848,17.7983,43.1722,-82.0896,-0.13,_4up
1727172300000,17.3333,-0.1069,0,1,400,0.11,-0.03,-0.41,365,178.4843,8.079,-4.741,18.5371,43.7083,-80.303,-0.16,_4up
1727172600000,36,12.8889,0,0,892,0.19,0.18,-0.39,370,361.3001,73.0275,0.64,18.0445,50.7977,-59.0909,0.17,_2dnR
1727172900000,50.6667,16,0,0,11890,0.25,0.17,-0.05,375,1333.9649,146.4037,0.4085,16.7117,55.5916,-11.6279,0.4,_2dnR
1727173200000,49.3333,4,0,0,1685,0.19,0.35,0.2,380,172.2618,133.7888,0.5606,15.6937,55.0596,-5.1282,0.38,_3upR
1727173500000,32,-12,0,0,300,-0.1,0.16,-0.05,385,32.6548,58.8561,-2.6049,15.2996,48.4798,-38.4615,0.61,_2dnR
1727173800000,53.7313,8.7098,0,0,1043,0.05,0.23,0.1,390,110.2395,118.0141,-1.8059,14.0334,54.0137,-7.6923,0.7,_1dn
1727174400000,65.1515,14.8572,0,0,992,0.2,0.25,0.27,400,101.1467,133.0289,1.3611,13.8107,56.9559,-14,0.74,_1dn
1727174700000,24.2857,-23.4371,0,0,3487,-0.23,-0.21,0.04,405,307.8506,2.0681,4.6445,14.4237,43.8416,-68.5185,0.18,_1dn
1727175000000,30.303,-9.6104,0,0,1489,-0.43,-0.27,-0.17,410,283.3476,-31.0152,2.4743,15.4799,40.7694,-69.697,0.05,_1dn
1727175300000,1.1236,-17.4472,0,1,2136,-0.58,-0.61,-0.4,415,386.7224,-85.4764,6.5901,17.2738,30.0494,-98.8764,-0.63,_1dn
1727175600000,0,-10.4755,0,1,30670,-1.1,-1.49,-1.21,420,1315.1863,-93.9185,9.8961,20.6138,19.871,-100,-1.37,_3upR
1727175900000,2.6455,1.3891,0,1,8165,-1.32,-1.81,-1.47,425,296.5685,-63.0373,0.8929,24.0669,18.0078,-97.3545,-1.53,_4up
1727176200000,12.5628,7.4934,0,1,4871,-0.82,-1.44,-1.42,430,163.361,-32.286,-0.034,27.372,21.816,-87.4372,-1.57,_4up
1727176500000,25.1256,11.681,0,0,12145,0.33,-0.96,-1.33,435,348.2155,-3.4168,-1.65,29.257,30.6062,-74.8744,-1.18,_4up
1727176800000,35.1759,10.8878,0,0,4233,0.56,-0.77,-1.1,440,116.1603,17.6615,-1.9445,29.8867,36.8067,-64.8241,-1.12,_4up
1727177100000,37.2362,4.7236,0,0,5046,0.481,-0.329,-0.979,445,132.4641,26.6404,-4.1658,30.2442,38.0447,-62.7638,-0.529,_4up
1727177400000,57.2864,14.0536,0,0,75690,0.59,0.97,-0.71,450,1176.6728,62.4959,3.879,28.4793,48.712,-42.7136,0.69,_3upR
1727177700000,68.3417,14.0536,0,0,5715,0.69,1.22,-0.6,455,90.9616,86.8488,0.5099,26.1082,53.5251,-31.6583,0.97,_2dnR
1727178000000,64.3216,1.005,0,0,44172,0.43,1.02,-0.41,460,515.1639,89.3223,-0.7797,24.1235,51.604,-24.2604,0.73,_1dn
1727178300000,62.3116,-2.6801,0,0,793,0.08,0.69,-0.22,465,10.0189,91.6203,-3.8142,22.1421,50.6131,-18.9542,0.88,_2dnR
1727178600000,56.7839,-4.3551,0,0,2399,-0.17,0.46,-0.34,470,30.7005,86.1108,-3.5021,20.7195,47.8564,-24.6667,0.77,_2dnR
1727178900000,49.2462,-6.8677,0,0,7293,-0.28,0.13,-0.09,475,91.675,69.6283,-2.541,20.1459,44.2695,-31.9917,0.989,_3upR
1727179200000,55.2764,1.5075,0,0,5541,-0.08,-0.06,0.93,480,143.7041,78.017,1.0913,18.752,47.6911,-23.6641,1.33,_3upR
1727179500000,56.2814,2.6801,0,0,3946,0.12,-0.18,0.98,485,105.1606,74.2372,-0.9561,17.4743,48.2686,-22.2762,1.46,_3upR
1727179800000,65.6805,6.6011,0,0,12034,0.11,-0.15,0.85,490,642.9396,65.4966,2.0556,16.9791,47.9797,-28.0271,1.5,_2dnR
1727180100000,83.6601,15.1195,0,0,2336,0.15,0.1,0.73,495,119.1486,96.4606,2.3188,15.7005,53.1773,-17.1095,1.16,_1dn
1727180400000,77.3333,1.7754,0,0,2730,0.08,0.16,0.49,500,137.916,57.5344,0.7232,14.6248,49.3781,-34.6486,0.86,_1dn
1727180700000,73.56,-4.6245,0,0,3736,-0.04,0.06,0.21,505,210.8213,-0.3284,-0.9052,13.7875,46.3667,-60.3803,0.449,_2dnR
1727181000000,53.4351,-14.6744,0,0,2973,-0.4905,-0.36,-0.39,510,183.1413,-71.0071,2.0595,14.0957,38.8675,-100,-1.11,_4up
1727181300000,53.4351,-6.7083,0,0,48857,-0.42,-0.31,-0.53,515,1148.8422,-45.9583,-0.5585,14.7822,38.8675,-85.9155,-1.56,_3upR
1727181600000,51.6511,-1.1893,0,0,1857,-0.15,-0.23,-0.39,520,50.7676,-5.4957,-2.4624,15.2364,42.6725,-70.4225,-1.27,_3upR
1727181900000,62.593,6.6999,0,0,6908,0.239,-0.1715,-0.091,525,176.0854,67.2825,1.0581,14.4418,50.0936,-39.5775,-0.931,_3upR
1727182200000,45.672,-7.6334,0,0,53687,0.2496,-0.1896,0.0004,530,778.0282,41.4938,-0.9963,13.4078,47.3863,-52.0563,-0.5896,_4up
1727182500000,57.6184,2.324,0,0,9492,0.24,0.09,0.11,535,131.2468,74.428,-0.0284,12.3304,50.9627,-36.6197,-0.189,_4up
1727182800000,87.0679,23.6151,0,0,6039,0.29,0.49,0.21,540,81.5324,132.5012,-0.7291,12.0553,57.566,-4.2254,0.61,_3upR
1727183100000,98.7952,17.6347,1,0,9088,0.47,0.7292,0.4,545,178.8114,144.6341,0.9702,12.4951,61.049,-1.2048,0.95,_3upR
1727183400000,95.7447,1.8754,1,0,24425,0.36,0.69,0.46,550,381.7205,138.6632,-1.7961,13.367,62.9449,-4.2553,0.86,_2dnR
1727183700000,93.617,-2.4353,1,0,37796,0.2,0.49,0.2795,555,460.8653,123.2848,-0.6073,13.9629,62.1203,-6.383,0.411,_1dn
1727184000000,93.0693,-1.0744,1,0,5360,0.07,0.59,0.41,560,99.6088,120.3093,-1.3205,14.8276,63.6777,-6.9307,0.5696,_1dn
1727184300000,68.2692,-16.716,0,0,58110,-0.16,0.17,0.35,565,706.5343,77.0754,8.0658,14.1539,54.3357,-31.7308,0.18,_1dn
1727184600000,33.6538,-31.3436,0,0,1212128,-0.57,-0.33,0.16,570,1539.5172,10.4245,13.3419,15.1094,43.451,-66.3462,0,_1dn
1727184900000,5.2885,-30.4487,0,0,418920,-0.895,-0.815,-0.0358,575,407.4657,-39.6537,1.9452,16.2083,36.8517,-95.6311,-0.415,_1dn
1727185200000,17.094,-1.5848,0,1,551990,-0.64,-0.8,-0.14,580,412.6256,-30.2331,-0.0476,17.6508,37.3793,-82.906,-0.59,_1dn
1727185500000,17.1875,3.9975,0,1,349156,-0.33,-0.94,-0.41,585,229.5884,-28.8783,8.177,17.942,35.4412,-82.8125,-0.709,_1dn
1727185800000,11.0714,-4.0462,0,1,263982,-0.26,-1.155,-0.555,590,157.8065,-36.0636,3.5962,18.6238,31.7499,-88.9286,-0.9854,_1dn
1727186100000,6.4968,-5.0884,0,1,316089,-0.5079,-1.138,-0.968,595,173.2413,-38.8345,4.5278,19.7962,27.9252,-93.5032,-1.188,_1dn
1727186400000,15.8576,4.7157,0,1,1159290,-1.5399,-1.87,-2.24,600,645.8468,-76.078,12.984,23.4759,16.7508,-84.1424,-2.48,_3upR
1727186700000,32.6861,14.3392,0,0,738428,-0.83,-1.095,-1.91,605,372.551,-22.6446,1.3827,26.8489,30.6561,-67.3139,-1.805,_2dnR
1727187000000,25.5663,0.863,0,0,322331,-0.84,-1.3399,-2.13,610,174.443,-22.0718,-3.7108,28.9716,28.4619,-74.4337,-2.02,_2dnR
1727187300000,25.89,-2.1575,0,0,259985,0.26,-1.2299,-2.17,615,144.8279,-10.6724,-6.2969,31.0857,28.7149,-74.11,-1.681,_1dn
1727187600000,25.7023,-0.0173,0,0,383276,-0.1958,-1.0458,-2.2058,620,205.5314,-3.2532,-1.0695,33.6481,28.6508,-74.2977,-1.6504,_1dn
1727187900000,18.3948,-4.9342,0,0,259620,-0.2216,-1.0616,-2.1916,625,141.7276,-10.437,-7.6995,35.9969,26.1694,-79.9859,-1.3136,_2dnR
1727188200000,14.8867,-4.7745,0,1,347502,-0.33,-0.08,-1.9,630,256.1967,-9.2908,-7.4483,38.2098,25.0339,-80.9917,0.3,_4up
1727188500000,2.5478,-9.3953,0,1,288573,-0.81,-0.96,-2.075,635,263.9412,-27.2519,-8.6054,40.706,21.0764,-96.7213,-0.215,_4up
1727188800000,20,7.5218,0,1,516251,-0.04,-0.26,-1.5999,640,427.8289,17.1399,-4.3461,42.4562,34.2594,-74.4,0.57,_4up
1727189100000,35.4688,16.1299,0,0,329816,0.595,0.235,-1.0049,645,264.7164,70.2075,-0.2094,41.5644,44.3065,-47.9191,1.125,_4up
1727189400000,50.3125,15.0521,0,0,287371,1.48,0.66,-0.34,650,241.9873,131.7069,1.6122,39.1502,51.9877,-22.4059,1.8508,_3upR
1727189700000,64.3661,14.317,0,0,354657,1.2588,1.2188,0.1588,655,285.776,156.8122,0.8052,36.1127,56.0117,-9.6455,2.3584,_3upR
1727190000000,75.4941,12.1032,0,0,352187,0.75,1.37,1.26,660,283.4973,134.605,-1.9275,33.3283,56.1672,-9.1125,3.25,_3upR
1727190300000,77.996,5.3773,0,0,149704,0.3399,1.8199,0.8499,665,128.934,123.4169,-3.7188,30.7759,56.7609,-7.2139,2.9049,_3upR
1727190600000,85.6,5.9033,0,0,410336,0.25,1.5,1.24,670,373.1069,123.0793,2.0182,29.2557,59.6049,-12.2951,2.83,_3upR
1727190900000,91.3934,6.397,1,0,173263,0.325,1.07,1.33,675,171.7133,116.2194,-1.0567,27.8622,60.932,-8.6066,2.325,_3upR
1727191200000,93.4426,3.2973,1,0,162877,0.36,0.67,1.33,680,173.8379,108.5324,-2.9318,26.5848,61.6947,-6.5574,1.7208,_3upR
1727191500000,91.117,-0.8673,1,0,231261,0.1055,0.3605,1.5705,685,267.2638,97.85,-1.1887,25.83,60.9291,-8.883,1.4053,_3upR
1727191800000,93.6475,0.9118,1,0,166757,0.2042,0.5392,1.9042,690,220.3313,102.6367,-0.8221,25.5415,64.1186,-6.3525,0.5642,_3upR
1727192100000,92.3372,-0.0301,1,0,205824,0.12,0.49,2.28,695,260.6824,98.2209,-0.7233,24.6637,63.1261,-7.6628,1.4401,_4up
1727192400000,95,1.3384,1,0,191263,0.2095,0.3345,1.8395,700,289.2007,105.7793,-2.0882,24.0528,64.3495,-6.5578,0.5995,_4up
1727192700000,96.2687,1.7334,1,0,267538,0.12,0.34,1.42,705,373.5185,121.8382,-0.5725,23.9111,66.1227,-6.4897,0.125,_4up
1727193000000,96.5418,0.605,1,0,406759,0.96,1.06,1.74,710,474.1262,185.6584,7.7964,25.6383,76.0706,-6.3492,0.3642,_1dn
1727193300000,86.4553,-6.6333,1,0,429833,0.52,0.73,1.11,715,441.4125,123.5319,2.6383,27.2216,66.4019,-26.8571,-0.4709,_3upR
1727193600000,92.219,0.4803,1,0,181932,0.62,0.74,1.295,720,185.2506,130.7672,-3.9694,28.673,68.8685,-15.8824,-0.5842,_2dnR
1727193900000,86.7406,-1.731,1,0,142689,-0.3401,0.6199,1.0899,725,150.9179,99.7314,-4.2277,29.8908,63.9967,-29.3057,-1.21,_3upR
1727194200000,91.2281,1.1655,1,0,146890,0.21,0.74,1.075,730,159.7455,114.0936,0.3379,30.159,66.8261,-17.3611,-0.7595,_1dn
1727194500000,86.7004,-1.5226,1,0,97212,-0.0393,0.58,0.92,735,118.4962,98.1237,-2.765,30.4048,65.2291,-22.3022,-0.515,_2dnR
1727194800000,76.1905,-8.5158,0,0,187017,0.03,-0.33,0.73,740,270.0996,74.0705,1.6665,29.9275,61.4887,-33.5821,-1,_3upR
1727195100000,67.7143,-9.1541,0,0,176049,-0.345,-0.105,0.635,745,323.3484,51.0611,3.0375,28.1825,58.4835,-42.1642,-0.4467,_4up
1727195400000,79.1176,4.7768,0,0,140698,-0.045,-0.0843,0.655,750,270.4677,77.4649,1.397,26.6654,62.167,-26.4925,-0.6192,_3upR
1727195700000,85.0318,7.7439,0,0,242440,0.195,0.245,0.845,755,419.2627,92.2714,-0.6485,25.8112,64.1498,-19.9169,-0.235,_2dnR
1727196000000,92.8356,7.1739,1,0,690073,0.4854,0.1354,0.9054,760,771.1936,118.7265,2.1746,25.8406,66.547,-9.1754,-0.1741,_1dn
1727196300000,82.8947,-4.026,1,0,198723,0.23,0.18,0.76,765,208.3717,110.0083,3.4916,26.2356,65.1132,-23.7443,-0.17,_1dn
1727196600000,63.2721,-16.3954,0,0,143277,-0.1799,0.0201,-0.2899,770,154.2718,22.1991,1.4772,25.6544,56.8722,-57.4362,-1.0299,_2dnR
1727196900000,48.8095,-16.1826,0,0,150837,-0.5525,-0.0525,-0.1625,775,164.8294,-38.2886,-1.184,23.9323,51.474,-80.0532,-0.807,_4up
1727197200000,51.0204,-3.3469,0,0,105390,-0.47,-0.23,-0.3193,780,117.7388,-14.6362,-0.6609,22.1663,52.2302,-76.5957,-0.9908,_4up
1727197500000,54.195,2.8533,0,0,172760,-0.12,-0.24,0.01,785,202.1822,21.2392,-0.5092,20.8105,55.0514,-63.8298,-0.8349,_3upR
1727197800000,75.656,15.3655,0,0,85615,0.4507,-0.1043,0.0457,790,171.0377,104.8801,1.6553,20.1886,61.2098,-32.3723,-0.8302,_2dnR
1727198100000,77.1689,8.1623,0,0,133007,0.49,0,0.19,795,288.1249,111.4698,-4.0028,19.781,62.246,-26.5957,-0.57,_2dnR
1727198400000,44.1489,-21.509,0,0,71258,0.08,-0.045,0.035,800,169.8719,36.79,0.5921,18.4037,54.2407,-55.8511,0.3449,_3upR
1727198700000,37.234,-15.6166,0,0,83470,-0.28,0.165,0.11,805,219.4926,15.3962,-1.0758,17.0859,52.4998,-63.4409,0.2575,_3upR
1727199000000,67.6596,17.9787,0,0,61281,-0.054,0.436,0.186,810,172.8477,90.4882,0.1342,15.7911,58.841,-32.6882,0.501,_1dn
1727199300000,50.8723,-1.0496,0,0,190965,0.0482,0.1432,-0.1018,815,522.6985,49.5511,3.8707,15.1672,54.4645,-49.6559,-0.0869,_2dnR
1727199600000,59.5745,0.2057,0,0,128645,0.21,-0.07,-0.18,820,329.4383,78.0334,1.3006,14.4783,56.3025,-40.8602,-0.2411,_1dn
1727199900000,36.1702,-12.7021,0,0,118956,-0.3,-0.35,-0.35,825,311.0963,18.9715,-1.5348,13.6018,50.3409,-56,-0.53,_2dnR
1727200200000,47.7021,-0.1135,0,0,128443,-0.0116,0.0184,-0.0116,830,308.912,52.1224,-1.9595,12.6288,53.0151,-40.7568,-0.0067,_2dnR
1727200500000,20.9677,-13.979,0,0,94220,-0.355,-0.145,0.02,835,223.0989,-26.96,-4.288,11.7368,46.837,-73.6486,-0.0875,_2dnR
1727200800000,27.4194,-4.6104,0,0,347410,0.01,-0.375,0.065,840,589.229,-10.7439,-0.5081,11.5246,48.4524,-73.4848,-0.136,_2dnR
1727201100000,29.3011,3.405,0,0,109806,-0.1376,-0.1775,-0.0525,845,202.5352,-1.8455,-4.7563,11.2222,48.946,-70.8333,0.0393,_2dnR
1727201400000,24.5189,-2.5609,0,0,224754,-0.1001,-0.4201,-0.4901,850,375.6854,-30.1603,0.1473,12.7693,45.1064,-70.1264,-0.3304,_2dnR
1727201700000,36.3636,6.3024,0,0,136644,-0.065,-0.055,-0.49,855,224.5656,-4.924,-2.2176,14.1875,47.0173,-63.2184,-0.15,_1dn
1727202000000,26.4368,-2.6696,0,0,165516,-0.14,-0.3101,-0.32,860,262.6976,-20.2842,-5.7066,15.37,44.4874,-73.5632,-0.3533,_3upR
1727202300000,17.2872,-9.4086,0,0,160662,-0.1575,-0.2675,-0.3775,865,240.1061,-37.8108,-2.9118,17.4006,40.826,-82.7128,-0.395,_4up
1727202600000,46.2025,16.227,0,0,334940,-0.29,-0.365,-0.74,870,506.139,-40.0842,3.7481,20.9959,38.9807,-53.7975,-0.781,_3upR
1727202900000,71.2025,26.3051,0,0,170650,0.18,0.045,-0.165,875,244.9793,69.3416,-0.7624,22.2274,51.9022,-25,-0.1257,_3upR
1727203200000,68.9873,6.8565,0,0,199077,0.27,0.13,-0.3,880,292.2637,69.9234,-1.4288,22.9465,50.8611,-21.5827,0.1958,_2dnR
1727203500000,54.4304,-10.443,0,0,84817,0.12,-0.16,-0.225,885,130.3092,0.5738,-3.9261,23.7965,44.4668,-33.8462,0.18,_4up
1727203800000,72.1519,6.962,0,0,197873,0.01,0.195,-0.1101,890,295.5546,106.1021,-0.2658,24.801,52.4123,-10.1726,0.1666,_3upR
1727204100000,64.557,0.8439,0,0,122921,-0.08,0.2,-0.05,895,189.7933,60.4479,0.2287,25.376,49.1261,-19.6281,0.3625,_3upR
1727204400000,72.1519,2.5316,0,0,333256,0.29,0.4,0.045,900,514.9634,103.8256,-3.2495,25.903,52.383,-10.1726,0.781,_3upR
1727204700000,78.6667,6.8748,0,0,240874,0.0394,0.05,0.1,905,349.948,113.8275,-0.8868,25.3719,53.4663,-9.9237,0.2507,_3upR
1727205000000,82.0144,4.4034,0,0,456429,0.14,0.04,0.18,910,544.1807,92.9613,-0.1426,25.2069,52.1715,-12.9771,0.4701,_3upR
1727205300000,87.7863,4.9638,1,0,482109,0.02,0.3,0.13,915,450.1164,91.6041,2.1369,25.241,52.4853,-12.2137,0.43,_2dnR
1727205600000,94.697,6.5311,1,0,285744,0.08,0.1094,0.305,920,254.6453,112.6234,-0.0184,25.1901,55.6592,-5.303,0.4484,_1dn
1727205900000,91.6591,0.2783,1,0,221833,0.0899,0.2099,0.3899,925,188.0339,93.0409,-3.1187,25.1433,54.079,-8.3409,0.4224,_2dnR
1727206200000,80.303,-8.5833,1,0,320221,-0.09,-0.07,0.32,930,273.0942,22.2278,-3.1494,25.8378,48.4674,-44.0678,0.285,_4up
1727206500000,80.303,-3.7854,1,0,330860,-0.19,-0.11,-0.07,935,269.9882,25.2906,-5.563,26.7585,48.4674,-47.2727,-0.1325,_3upR
1727206800000,85.6061,3.5354,1,0,500259,-0.08,0.01,0.03,940,399.8354,59.3784,1.9509,25.9637,51.2771,-34.5455,-0.1301,_4up
1727207100000,90.6475,5.1286,1,0,406046,0.2,0.11,0.41,945,336.5589,131.2643,2.6221,24.674,56.1238,-20.9677,0.28,_4up
1727207400000,79.4965,-5.7535,0,0,612377,0.0609,-0.1291,-0.0197,950,438.2635,34.1706,5.8122,23.8721,50.285,-50.7193,-0.3291,_4up
1727207700000,93.7824,5.8069,1,0,4017148,0.68,0.6,0.81,955,1112.456,207.276,24.6541,23.7466,68.177,-12,0.3826,_1dn
1727208000000,62.5,-16.0929,0,0,3520000,0.21,0.42,0.35,960,642.5102,109.5856,10.1148,23.6316,57.3873,-45.9184,0.01,_4up
1727208300000,58.6207,-13.0137,0,0,1617706,0.33,0.39,0.28,965,259.6474,95.0879,-4.5498,23.0902,56.5006,-48.9796,0.335,_4up
1727208600000,71.5517,7.3276,0,0,104287,-0.21,0.47,0.48,970,17.3862,116.5655,-3.5854,22.8022,59.882,-33.6735,0.42,_4up
1727208900000,77.5862,8.3333,0,0,47613,0.18,0.4,0.52,975,8.2273,117.5062,-4.7408,23.047,61.4092,-26.5306,0.12,_3upR
1727209200000,81.6514,4.7216,0,0,43197,0.27,0.61,0.48,980,7.9197,116.1108,-5.6419,23.3714,62.7356,-20.4082,0.4991,_3upR
1727209500000,91,7.5875,1,0,135338,0.23,0.03,0.63,985,42.4407,120.9956,1.558,22.7729,65.1326,-9.1837,-0.1599,_3upR
1727209800000,86.7347,0.2727,1,0,30167,0.1,0.31,0.74,990,26.1487,104.6748,-2.7696,22.2242,63.512,-13.2653,0.4,_3upR
1727210100000,89.2157,0.2322,1,0,36958,0.12,0.4,0.8,995,159.392,106.9857,-0.6151,22.5557,64.9395,-10.7843,0.53,_2dnR
1727210400000,90.1961,1.4806,1,0,29889,0.1,0.26,0.74,1000,158.5569,101.6581,-6.6035,22.8595,65.1871,-9.8039,0.28,_2dnR
1727210700000,88.2353,-0.9804,1,0,15151,0.02,0.15,0.58,1005,89.3399,90.5745,-6.6746,23.0323,64.1978,-11.7647,0.07,_2dnR
1727211000000,86.2745,-1.9608,1,0,23570,-0.0395,0.09,0.71,1010,149.0437,84.0745,-5.1844,22.5479,63.1523,-13.7255,0.2291,_2dnR
1727211300000,81.3725,-3.9216,1,0,20082,-0.08,0.01,-0.03,1015,220.8496,67.6117,-3.8376,22.2553,60.4665,-34.5455,-0.6601,_2dnR
1727211600000,81.3725,-1.634,1,0,1941,-0.03,-0.05,0.29,1020,26.0621,60.3717,-8.1958,21.9871,60.4665,-34.5455,-0.44,_3upR
1727211900000,82.3529,0.6536,1,0,1665,-0.06,-0.0795,0.33,1025,30.9047,54.2776,-4.6463,22.4512,60.8627,-33.3333,-0.46,_3upR
1727212200000,80.3922,-0.9804,1,0,12423,0,-0.09,0.16,1030,284.4039,25.246,-8.8583,22.7428,59.5605,-50.7614,-0.57,_3upR
1727212500000,83.3333,1.3072,1,0,183,-0.04,-0.01,0.1,1035,5.2375,39.6283,-9.5761,23.0937,60.9284,-43.1472,-0.46,_2dnR
1727212800000,84.3137,1.634,1,0,1407,0.02,-0.04,0.07,1040,63.9518,42.3153,-9.4801,23.504,61.4032,-40.6091,-0.6291,_2dnR
1727213100000,70.9091,-8.6096,0,0,5732,0.01,0.04,0.04,1045,420.659,46.0513,-3.8509,24.4024,61.4032,-69.5652,0,_3upR
1727213400000,64,-9.0743,0,0,1137,-0.038,-0.068,-0.058,1050,86.4097,-7.0146,-9.7437,25.0515,58.2047,-99,-0.328,_2dnR
1727213700000,70,1.697,0,0,400,-0.002,0.018,-0.0615,1055,32.2071,53.6212,-7.7716,25.9724,60.3398,-62.2642,-0.392,_3upR
1727214000000,67.0051,0.0034,0,0,3083,0.07,0.04,-0.02,1060,442.4132,122.3059,-8.1976,27.0985,62.2117,-30,-0.2,_2dnR
1727214300000,49.2386,-12.8426,0,0,14799,-0.0009,-0.04,-0.04,1065,954.8485,-9.0667,-4.0838,27.3479,55.914,-100,-0.21,_3upR
1727214600000,59.3909,0.846,0,0,700,0,0,-0.04,1070,46.4012,86.2103,-6.5378,27.5766,58.5309,-60,-0.1,_3upR
1727215200000,26.087,-18.8185,0,0,7838,-0.04,0.03,0.03,1080,480.4178,58.2355,-1.4942,28.591,57.5984,-75,0.05,_3upR
1727215500000,5,-25.1593,0,0,549,0.01,0.0091,-0.06,1085,34.3699,8.8223,-10.1274,29.5209,55.6637,-91.6667,0.028,_3upR
1727215800000,100,56.3043,0,0,4439,0.02,0.09,0.11,1090,242.2105,185.2635,-5.8973,31.2992,63.6548,-0,0.162,_1dn
1727216100000,78.5714,17.381,0,0,3716,0.09,0.04,0.08,1095,198.7866,134.5083,-9.5706,33.0027,61.635,-21.4286,0.14,_1dn
1727216400000,14.2857,-50,0,0,512,-0.06,0.02,-0.02,1100,49.4239,18.9213,-2.8882,32.7447,53.3281,-85.7143,0.07,_2dnR
1727216700000,0,-30.9524,0,0,2024,-0.15,-0.13,-0.06,1105,181.7909,-19.1867,0.7839,31.8706,50.0571,-100,-0.04,_2dnR
1727217000000,33.3333,17.4603,0,0,1335,-0.0342,-0.04,-0.02,1110,181.8985,-9.1716,0.0459,29.7384,50.0571,-66.6667,-0.08,_3upR
1727217300000,16.6667,0,0,1,5426,-0.11,-0.14,-0.0609,1115,532.6022,-35.3092,-3.7277,27.7839,46.6517,-83.3333,-0.062,_4up
1727217600000,25,0,0,0,971,-0.01,-0.17,-0.08,1120,118.9477,-6.4117,-1.2947,26.4225,48.5605,-75,-0.188,_4up
1727217900000,42.0833,14.1667,0,0,1194,0.031,-0.0132,-0.069,1125,178.4811,35.3415,-3.6407,25.722,52.3715,-57.9167,-0.179,_4up
1727218200000,66.6667,22.0833,0,0,200,0.1,0.01,0.06,1130,30.7401,84.9541,-7.5401,25.2154,57.3339,-33.3333,0.07,_4up
1727219100000,91.6667,24.8611,0,0,1140,0.07,0.15,0.01,1145,190.3546,125.0188,-5.0441,25.5204,61.7546,-8.3333,0.14,_3upR
1727219400000,100,13.8889,1,0,175,0.12,0.21,0.16,1150,32.9517,143.9046,-6.6367,26.4601,65.6385,-0,0.21,_2dnR
1727219700000,100,2.7778,1,0,600,0.1,0.23,0.11,1155,240.3979,129.949,-6.5456,27.426,66.2615,-0,0.242,_1dn
1727220000000,100,0,1,0,100,0.01,0.14,0.06,1160,50.3023,121.9462,-6.5456,28.3115,66.2615,-0,0.138,_1dn
1727220300000,82.7586,-11.4943,1,0,101,-0.05,0.08,0.1258,1165,74.7672,91.8751,-5.6472,27.9079,59.8094,-17.2414,0.099,_1dn
1727220600000,51.7241,-26.4368,0,0,3232,-0.14,-0.04,0,1170,1035.7653,41.2187,4.5045,25.7704,50.2092,-48.2759,-0.03,_2dnR
1727220900000,55.1724,-8.046,0,0,2300,-0.08,-0.12,0.09,1175,605.5724,42.7623,-1.1237,23.8111,51.1595,-44.8276,0,_2dnR
1727221200000,51.7241,-1.1494,0,0,287,-0.09,-0.14,0.08,1180,74.2757,32.834,-2.2769,21.8279,50.1161,-56,-0.08,_2dnR
1727221500000,44.8276,-5.7471,0,0,10615,-0.07,-0.16,0.07,1185,1093.1872,11.9303,-1.1788,20.3952,47.981,-64.154,-0.09,_3upR
1727221800000,34.4828,-9.1954,0,0,2713,-0.08,-0.14,-0.05,1190,241.477,-15.2578,-2.3405,19.6406,44.854,-100,-0.02,_2dnR
1727222100000,41.3793,1.1494,0,0,7882,-0.03,-0.12,-0.04,1195,499.6363,-3.2458,-1.2508,19.1332,47.3495,-85,-0.011,_4up
1727222400000,51.7241,9.1954,0,0,1,0.02,-0.05,-0.04,1200,0.072,20.1304,-5.62,18.1798,50.9794,-70,-0.04,_1dn
1727222700000,27.5862,-12.6437,0,0,5,-0.02,-0.1,-0.2,1205,0.3984,-17.6598,-5.7434,18.5718,43.3685,-100,-0.22,_1dn
1727223000000,80,26.8966,0,0,1,0.09,0.09,-0.05,1210,0.0808,97.2805,-2.6535,18.0966,58.7313,-23.8095,-0.11,_1dn
1727223300000,0,-35.8621,0,0,12,-0.3,-0.35,-0.51,1215,1.9368,-94.7849,1.4683,20.0039,31.7326,-100,-0.6,_2dnR
1727223600000,4.6875,-23.5417,0,0,25,-0.56,-0.42,-0.56,1220,5.4002,-71.7048,1.9205,22.383,28.6132,-94.9153,-0.65,_2dnR
1727223900000,32.8125,20.3125,0,0,6,-0.04,-0.29,-0.38,1225,205.4334,-6.5383,2.5497,23.9317,40.1635,-64.4068,-0.399,_1dn
1727224200000,14.0625,-3.125,0,1,151,-0.04,-0.34,-0.46,1230,1292.2343,-24.5322,-2.3421,25.3513,35.9349,-84.7458,-0.4,_2dnR
1727224500000,11.5942,-7.8955,0,1,699,-0.02,-0.56,-0.5,1235,1337.926,-23.6756,-1.7674,27.3679,33.9834,-87.5,-0.34,_2dnR
1727224800000,0,-8.5522,0,1,53,-0.26,-0.35,-0.6,1240,95.884,-33.7122,6.3196,28.1808,30.1174,-100,-0.56,_4up
1727225100000,17.5676,7.847,0,1,941,-0.02,-0.1,-0.45,1245,859.1091,3.6681,-0.5587,28.9259,37.8326,-81.1594,0.06,_2dnR
1727225400000,17.3913,5.7383,0,1,12,-0.1,-0.03,-0.43,1250,11.033,8.987,-0.9312,29.6089,37.4853,-82.6087,0.18,_4up
1727225700000,17.3913,-0.0588,0,1,18,0.02,-0.14,-0.48,1255,16.4476,15.7883,-7.1312,30.235,37.4853,-82.6087,-0.07,_1dn
1727226000000,15.942,-0.9662,0,1,34,0.04,-0.04,-0.42,1260,33.1396,19.8688,-4.5511,31.2982,37.0802,-84.058,-0.08,_1dn
1727226300000,28.9855,8.2126,0,0,8,0.08,-0.02,-0.49,1265,12.854,51.0071,3.9159,30.8929,43.1156,-71.0145,0.15,_1dn
1727226900000,0,-14.9758,0,1,749,-0.4,-0.44,-0.69,1275,727.5489,-96.2975,10.9772,32.6901,26.4862,-100,-0.43,_3upR
1727227200000,22.3301,5.2249,0,0,2,-0.23,-0.18,-0.34,1280,4.1589,-9.9009,-10.7355,34.3375,37.6585,-64.6154,0.11,_1dn
1727227500000,22.3301,7.4434,0,0,131,-0.21,-0.23,-0.26,1285,237.9777,-1.2533,-8.2088,35.4492,37.6585,-64.6154,0.19,_3upR
1727227800000,2.9126,-12.945,0,1,410,-0.2,-0.37,-0.57,1290,525.7209,-39.5252,-3.4042,37.2781,32.5407,-95,-0.17,_3upR
1727228100000,4.8544,-5.178,0,1,2,-0.21,-0.41,-0.44,1295,2.6268,-19.3408,-9.8313,38.9546,33.5262,-91.2281,0.01,_3upR
1727228400000,23.301,12.945,0,0,83,0.05,-0.2,-0.32,1300,103.1279,35.8464,-1.612,38.2149,42.267,-57.8947,0.1,_1dn
1727228700000,10.1449,-2.6218,0,1,27,0.02,-0.16,-0.37,1305,70.5202,-1.9767,-0.0903,37.967,37.4592,-87.037,0.76,_4up
1727229000000,20.2899,2.3779,0,0,697,-0.05,-0.16,-0.31,1310,883.4487,12.9124,-0.562,38.2779,38.7994,-75.8621,-0.03,_4up
1727229300000,0,-10.1449,0,1,151,-0.3,-0.28,-0.55,1315,188.5762,-22.8744,-1.0284,38.7919,33.7959,-100,-0.31,_4up
1727229600000,37.6812,18.3575,0,0,204,0.13,0.12,-0.23,1320,299.9193,50.4728,-3.5406,37.844,44.4835,-58.7302,0.33,_3upR
1727229900000,53.0303,22.7931,0,0,25,0.22,0.11,-0.2,1325,36.0523,84.0613,-5.0643,36.1071,47.6734,-44.4444,0.29,_1dn
1727230200000,45.4545,0.0659,0,0,3,0.1,0,-0.23,1330,4.6403,88.9461,-5.2297,34.8414,46.0692,-43.3962,-0.1,_1dn
1727230500000,50.7937,1.0342,0,0,12,-0.03,0.19,0,1335,18.8193,90.6293,-4.9281,33.4779,46.8496,-8.5714,0.5,_1dn
1727230800000,36.5079,-7.7441,0,0,196,-0.07,0.1,-0.12,1340,567.921,51.6274,-0.5044,32.8404,43.742,-34.2857,0.28,_2dnR
1727231100000,14.2857,-19.5767,0,0,363,-0.23,-0.11,-0.19,1345,773.5805,-6.1383,-2.1141,33.0761,39.3165,-74.2857,0.32,_4up
1727231400000,26.9841,1.0582,0,0,88,-0.16,-0.18,0.03,1350,219.1394,29.5849,-2.5265,33.2922,42.9167,-51.4286,0.34,_1dn
1727231700000,36.5079,10.582,0,0,4,0.05,-0.07,-0.01,1355,10.2755,55.4282,-3.2302,32.7737,45.5593,-34.2857,0.28,_1dn
1727232000000,43.3962,7.7668,0,0,103,0.06,-0.09,-0.07,1360,230.0729,60.173,-0.7368,32.6914,45.5593,-34.2857,0.23,_2dnR
1727232300000,22.8571,-11.3966,0,0,347,-0.1,-0.25,-0.05,1365,539.2009,-11.9565,-1.1922,32.8714,40.0439,-77.1429,-0.31,_1dn
1727232600000,28.5714,-3.0368,0,0,1,-0.02,-0.08,-0.03,1370,1.8884,3.646,-6.8069,33.0364,41.0814,-71.4286,0,_1dn
1727232900000,51.4286,17.1429,0,0,103,-0.01,0.01,-0.02,1375,272.8019,31.6526,-5.3265,32.1021,45.2179,-62.963,0.41,_3upR
1727233200000,0,-26.6667,0,0,89,-0.12,-0.2,-0.37,1380,235.2948,-48.5138,-3.5067,32.6041,37.9512,-100,-0.33,_4up
1727233500000,0,-17.1429,0,1,30,-0.2,-0.14,-0.32,1385,76.237,-32.1592,-0.4244,32.5633,37.9512,-100,-0.46,_4up
1727234100000,56.7568,37.8378,0,0,11,0.16,0,-0.13,1395,32.3932,70.8536,-0.04,31.1535,48.3277,-40,-0.01,_4up
1727234400000,67.5676,26.1261,0,0,97,0.16,0.13,-0.1,1400,501.5323,99.7701,-3.7334,29.4433,50.0629,-28.5714,-0.01,_4up
1727234700000,51.3514,-7.2072,0,0,3,0.06,-0.01,-0.01,1405,15.42,69.8487,-3.5463,28.3691,47.4552,-24,0.03,_4up
1727235000000,94.7368,23.5183,0,0,5,0.11,0.31,0.17,1410,36.4321,140.4439,-0.2661,26.3565,54.742,-5.2632,0.07,_1dn
1727235300000,100,17.9706,1,0,3,0.24,0.35,0.24,1415,34.4851,147.0712,-1.4377,24.9973,57.7499,-0,0.53,_2dnR
1727235600000,68.1818,-19.4577,0,0,1,-0.04,0.17,0.16,1420,14.2681,88.5926,-2.3281,23.307,51.2475,-31.8182,0.42,_3upR
1727236500000,61.3636,-15.1515,0,0,1,-0.17,0.02,0.06,1435,15.5607,76.0113,-2.4654,21.999,49.9333,-38.6364,0.13,_3upR
1727237100000,86.3636,14.3939,0,0,1,0.08,0.18,0.26,5,122.2643,107.8079,-1.5543,20.5038,54.5914,-13.6364,0.37,_2dnR
1727237700000,75,0.7576,0,0,54,0.06,-0.01,0.13,15,1421.7186,82.7006,0.2122,19.144,52.1839,-25,0.27,_3upR
1727238300000,77.2727,-2.2727,0,0,85,-0.04,-0.1,0.29,25,1003.1621,81.6398,-1.6433,17.8974,52.6396,-22.7273,-0.11,_3upR
1727238900000,86.3636,6.8182,0,0,3,0.08,0.08,0.29,35,35.4161,91.3363,5.2932,17.5203,54.5305,-13.6364,0.13,_2dnR
1727239500000,86.3636,3.0303,1,0,6,0.04,0.11,0.25,45,68.4802,91.6199,-0.8106,17.1747,54.5305,-19.3548,0.33,_2dnR
1727239800000,86.3636,0,1,0,2,0.13,0,0.13,50,22.6761,84.9563,-0.8106,16.8578,54.5305,-24,0.15,_4up
1727240100000,68.1818,-12.1212,0,0,202,-0.08,0,0.1,55,982.3985,20.1745,5.0103,17.2865,49.4084,-56,-0.23,_3upR
1727240400000,65.9091,-7.5758,0,0,153,-0.09,-0.05,-0.05,60,580.6506,-8.7538,3.7725,17.7666,48.7835,-78.9474,-0.11,_3upR
1727240700000,100,21.9697,0,0,29,0.16,0.29,0.1,65,125.689,174.7389,6.3539,16.3095,61.9184,-0,0.04,_1dn
1727241000000,74.0741,-5.9203,0,0,100,0.02,0.02,0.1,70,347.9402,80.826,-2.2813,15.3378,53.5315,-48.2759,-0.42,_1dn
1727241300000,41.4634,-30.3824,0,0,1219,-0.14,-0.08,0.03,75,1223.6204,8.2943,3.3911,15.3866,48.4208,-82.7586,-0.38,_2dnR
1727241600000,17.1429,-27.0839,0,0,55,-0.15,-0.13,-0.13,80,53.5318,-24.2855,-0.7569,15.8557,46.0241,-100,-0.19,_1dn
1727242200000,14.2857,-10.0116,0,0,902,-0.16,-0.14,-0.06,90,627.7355,-17.1965,3.9513,15.5448,45.5324,-100,-0.19,_1dn
1727242500000,0,-10.4762,0,1,2,-0.08,-0.22,-0.12,95,1.4826,-17.8036,0.5732,15.4503,44.4952,-100,-0.21,_1dn
1727242800000,0,-4.7619,0,1,1847,-0.48,-0.52,-0.37,100,765.572,-87.454,9.5333,17.6855,31.2806,-100,-0.64,_3upR
1727243100000,0,0,0,1,667,-0.59,-0.7,-0.68,105,242.9517,-72.1607,1.2054,20.4957,26.7007,-100,-0.64,_4up
1727243700000,23.8095,15.873,0,0,1501,-0.3,-0.4,-0.48,115,515.7639,-13.8153,-2.502,21.7695,37.7484,-76.1905,-0.48,_1dn
1727244000000,26.1905,9.5238,0,0,512,0.07,-0.44,-0.46,120,161.1452,-0.3412,-1.1792,23.3962,38.7554,-73.8095,-0.44,_1dn
1727244300000,23.8095,-0.7937,0,0,6,-0.05,-0.39,-0.48,125,2.2619,3.6283,-4.52,24.8873,38.0833,-76.1905,-0.26,_1dn
1727244600000,8.3333,-11.1111,0,1,506,-0.03,-0.43,-0.67,130,171.6777,-10.7306,-5.8186,26.6235,33.9133,-91.6667,-0.41,_1dn
1727244900000,9.5238,-4.3651,0,1,1674,-0.26,-0.26,-0.81,135,588.1079,-32.0852,-2.1998,29.2273,29.1003,-89.011,-0.49,_2dnR
1727245200000,23.8095,9.9206,0,0,21,-0.04,-0.21,-0.66,140,8.5073,4.6671,-0.3273,30.6569,37.2024,-72.5275,0.02,_2dnR
1727245800000,0,-11.1111,0,1,203,-0.2,-0.35,-0.85,150,118.7205,-37.92,-3.2462,32.3949,29.9773,-100,-0.37,_3upR
1727246100000,7.3394,-3.0435,0,1,11,-0.04,-0.32,-0.83,155,7.7633,-11.8282,-4.0475,33.667,33.8439,-91.2088,-0.26,_3upR
1727246400000,23.8532,13.4557,0,0,51,0.19,-0.07,-0.58,160,35.3517,33.4079,5.4864,33.2468,41.7402,-69.0476,-0.13,_1dn
1727246700000,9.1743,-4.2813,0,1,134,0,-0.1,-0.65,165,109.3839,-4.8102,1.822,32.8615,37.4102,-86.6667,-0.15,_4up
1727247300000,11.5789,-3.2899,0,1,50,0.06,-0.01,-0.29,175,181.8391,6.3616,-2.9242,32.5084,37.8498,-78.8462,0.63,_4up
1727247600000,3.1579,-4.8125,0,1,110,-0.21,-0.04,-0.47,180,336.348,-9.5669,1.0584,32.644,35.6639,-94.2308,0.44,_4up
1727247900000,36.2637,19.2635,0,0,55,0.22,0.23,-0.02,185,228.7931,87.5956,12.0947,30.8238,47.9592,-29.7872,0.73,_4up
1727248200000,32.967,8.8375,0,0,500,0.17,0.25,-0.1,190,949.97,86.5789,-4.9161,29.1552,46.9798,-33.3333,0.55,_4up
1727248500000,41.6667,4.7009,0,0,528,0.32,0.11,0.02,195,655.8261,114.3304,2.6177,27.5382,48.878,-32.6923,0.43,_4up
1727248800000,82.6667,30.2332,0,0,1,0.32,0.51,0.42,200,1.3757,169.7674,-4.0049,26.6895,57.7822,-0,0.97,_4up
1727249100000,100,25.2222,0,0,14,0.5,0.72,0.73,205,19.8469,169.4733,2.1582,27.1132,63.6636,-0,1.03,_3upR
1727249400000,100,5.7778,1,0,88,0.23,0.82,0.78,210,127.1133,141.53,-3.6206,27.5015,63.6636,-0,0.78,_2dnR
1727249700000,100,0,1,0,1,0.2,0.55,0.75,215,1.5136,125.0776,-3.6206,27.8575,63.6636,-0,0.97,_2dnR
1727250000000,100,0,1,0,234,0.07,0.57,0.87,220,462.9827,121.3375,-1.9934,28.5505,65.5594,-0,1.01,_1dn
1727250300000,85.8696,-9.4203,1,0,41,-0.06,0.17,0.55,225,185.2299,93.3596,-2.2148,27.9644,59.2921,-14.6067,0.63,_3upR
1727251200000,85.8696,-4.7101,1,0,2658,-0.08,0.14,0.68,240,1498.3274,86.3823,2.9457,26.8656,59.2921,-14.6067,0.39,_4up
1727251500000,82.6087,-2.1739,1,0,6495,0.01,-0.09,0.63,245,1167.6369,75.0962,2.8571,25.4876,57.7753,-17.9775,-0.06,_2dnR
1727251800000,90.2174,3.9855,1,0,935,0.08,-0.02,0.8,250,154.3629,82.7036,-0.2322,24.9389,60.3568,-10.1124,0.24,_1dn
1727252100000,100,9.058,1,0,1238,0.27,0.09,0.66,255,182.6546,104.6036,2.5035,24.834,64.726,-0,-0.22,_1dn
1727252400000,72.043,-15.3771,0,0,2500,-0.2,-0.05,0.35,260,308.5452,26.5201,-2.2941,23.5642,52.1788,-42.623,-0.44,_3upR
1727252700000,67.7419,-12.1864,0,0,360,-0.16,-0.09,0.04,265,43.4171,-21.5411,-4.2829,22.0371,50.5347,-88.2353,-0.22,_3upR
1727253000000,62.3656,-5.0179,0,0,900,-0.11,-0.08,-0.04,270,123.8527,-45.4247,-1.6277,20.2151,48.4528,-100,-0.7,_3upR
1727253300000,79.5699,9.6774,0,0,800,0.11,-0.13,-0.08,275,203.2148,39.2794,-0.4098,19.4332,54.934,-54.2857,-0.73,_2dnR
1727253600000,68.8172,-1.4337,0,0,100,0.01,-0.15,-0.18,280,28.9957,-2.5476,-4.1927,18.5195,50.5965,-82.8571,-0.98,_3upR
1727253900000,65.1515,-6.028,0,0,600,0.04,0.01,-0.14,285,195.1665,31.8622,-4.3707,18.1796,53.0243,-65.7143,-0.75,_3upR
1727254500000,62.2951,-3.1262,0,0,200,0.06,0.07,-0.02,295,115.6316,38.5543,2.6724,16.6796,53.0243,-65.7143,-0.59,_1dn
1727254800000,37.1429,-17.7203,0,0,987,0.01,0.08,-0.01,300,470.9547,46.6301,-2.3338,15.4889,53.4778,-62.8571,-0.36,_1dn
1727255400000,71.4286,14.4731,0,0,500,0.25,0.17,0.17,310,268.563,109.1692,-2.4155,15.3518,58.6971,-28.5714,0.08,_1dn
1727255700000,14.6341,-26.4344,0,0,1876,-0.13,-0.06,-0.29,315,753.1165,-14.9383,4.3312,15.4339,46.7714,-85.3659,-0.07,_4up
1727256000000,11.5385,-20.9953,0,0,2152,-0.36,-0.23,-0.32,320,582.9002,-42.0677,0.8672,16.1579,42.6154,-88.4615,-0.15,_4up
1727256300000,42.3077,19.4809,0,0,1731,-0.06,0.05,-0.06,325,397.6505,34.7778,5.1005,15.9476,49.7066,-47.619,-0.18,_4up
1727256900000,98.0769,47.4359,0,0,100,0.4,0.21,0.29,335,23.2981,156.3348,-0.9278,15.48,59.5823,-0,0.44,_4up
1727257500000,59.6154,-7.0513,0,0,493,0.23,-0.11,0.09,345,123.1531,65.4029,-0.2758,14.588,51.9131,-39.2157,0.14,_4up
1727258400000,96.25,11.6026,1,0,1087,0.26,0.49,0.52,360,250.336,178.6571,4.615,15.1344,63.652,-3.75,0.53,_3upR
1727258700000,97.5,13.0449,1,0,849,0.46,0.67,0.55,365,226.9726,147.5935,-0.0772,15.6352,63.8612,-2.5,0.6,_2dnR
1727259000000,100,2.0833,1,0,6650,0.31,0.83,0.62,370,1045.266,145.4866,4.0297,16.6202,66.5887,-0,1.01,_2dnR
1727259300000,85.7143,-8.6905,1,0,706,0,0.27,0.61,375,122.4423,108.8769,1.9441,17.5231,61.5233,-14.2857,0.79,_3upR
1727259600000,84.6154,-5.4945,1,0,100,0.02,0.45,0.47,380,17.3405,98.3843,-2.6889,18.2735,61.1331,-15.3846,0.23,_3upR
1727259900000,96.7033,7.6923,1,0,1699,0,0.28,0.46,385,262.4611,107.1452,-1.234,19.4529,63.8822,-3.2967,0.49,_2dnR
1727260200000,90,-0.4396,1,0,550,0.13,0.12,0.62,390,89.26,101.5036,-0.0008,21.0249,64.3819,-10,-0.12,_1dn
1727260500000,86,-4.9011,1,0,560,0.03,0.11,0.75,395,93.4222,87.9053,-2.9243,21.86,62.4954,-14,0.24,_2dnR
1727260800000,81,-4.6667,1,0,184,-0.19,-0.07,0.73,400,82.9367,72.837,-4.0901,22.4495,60.0943,-19.3878,0.07,_4up
1727261100000,60,-15.6667,0,0,456,-0.25,-0.17,0.09,405,219.9273,9.3476,1.8427,21.2481,51.0988,-57.971,-0.11,_4up
1727261400000,78,5,0,0,3385,-0.03,-0.05,0.46,410,847.9018,55.5486,-0.8081,20.7695,57.1031,-31.8841,-0.21,_4up
1727261700000,100,20.6667,0,0,1961,0.35,0.06,0.46,415,473.3995,160.6572,2.7802,21.4716,64.4998,-0,0.17,_2dnR
1727262000000,94.2149,3.4766,1,0,5287,0.33,0.29,0.36,420,765.8495,154.9136,4.3054,22.7022,66.3105,-11.2903,-0.11,_2dnR
1727262300000,92.562,-3.0303,1,0,3317,0.22,0.31,0.37,425,389.864,127.9653,-0.9716,23.8302,65.4007,-14.5161,-0.35,_2dnR
1727262600000,84.0336,-6.2365,1,0,1861,-0.04,0.31,0.14,430,196.1914,90.6516,2.4429,24.1113,60.8474,-30.6452,-0.64,_2dnR
1727262900000,86.6667,-1.0874,1,0,100,-0.03,0.28,0.32,435,10.7749,103.2218,-3.0843,24.3689,62.8239,-19.3548,-0.07,_1dn
1727263200000,81.1111,-2.826,1,0,1273,-0.12,0.14,0.21,440,158.0823,81.3387,-1.1241,23.9101,60.4461,-27.4194,0,_1dn
1727263800000,64.5161,-12.9152,0,0,8070,-0.1,-0.07,-0.01,450,694.392,62.535,0.4894,22.6841,58.0494,-35.4839,-0.64,_1dn
1727264100000,48.3871,-16.2843,0,0,2143,-0.13,-0.23,0.04,455,218.9059,30.8337,-1.0624,21.3923,53.4272,-51.6129,-0.38,_3upR
1727264400000,51.6129,-3.2258,0,0,2427,-0.02,-0.25,0.1,460,261.7991,35.7277,0.8188,19.7992,54.2225,-48.3871,-0.29,_3upR
1727264700000,35.4839,-9.6774,0,0,4696,-0.13,-0.28,0.1,465,429.7452,3.4131,3.6693,18.4415,49.6025,-64.5161,-0.11,_4up
1727265000000,64.5161,13.9785,0,0,2098,0.15,-0.03,0.18,470,173.5378,51.4884,7.8664,17.4887,56.826,-51.1628,0.08,_1dn
1727265300000,67.7419,11.828,0,0,1184,0.08,0.08,0.11,475,98.394,52.239,-0.4529,16.6926,57.5633,-46.5116,-0.04,_1dn
1727265600000,67.7419,1.0753,0,0,2191,0.2,0.07,-0.05,480,254.7727,54.547,0.3164,15.5877,57.5633,-46.5116,-0.16,_2dnR
1727265900000,37.0968,-20.4301,0,0,2060,-0.23,-0.02,-0.3,485,240.8232,-32.4204,0.0285,15.2589,48.2482,-90,-0.31,_4up
1727266200000,35.4839,-11.2903,0,0,16475,-0.21,-0.12,-0.35,490,983.0991,-24.6399,-2.1609,15.3281,47.804,-89.7436,-0.36,_4up
1727266500000,62.9032,17.7419,0,0,4183,0.07,0.17,-0.11,495,254.1471,68.7053,4.5698,14.3066,55.4157,-34.375,-0.04,_3upR
1727266800000,63.6364,9.6285,0,0,12612,0.24,0,0.03,500,558.2707,112.0565,0.1281,13.8277,58.1567,-6.6667,-0.43,_2dnR
1727267100000,42.7955,-13.6496,0,0,5904,0.1283,-0.0617,0.0283,505,232.9588,63.8264,4.6306,12.7003,53.4598,-39.2581,-0.3117,_3upR
1727267400000,54.5455,0.8864,0,0,3517,0.01,0.1,0.07,510,134.695,93.738,2.0845,11.6668,55.6622,-22.5806,0.07,_2dnR
1727267700000,68.2927,13.0815,0,0,1050,-0.01,0.24,0.21,515,41.1459,107,-0.0358,10.7195,57.3651,-9.6774,0.48,_3upR
1727268000000,48.7179,-8.4674,0,0,39699,0.0279,0.13,0.03,520,1015.803,52.9804,6.3362,10.761,52.423,-49.9473,0.36,_3upR
1727268300000,34.2466,-16.1725,0,0,18832,-0.08,-0.1,0.09,525,395.2709,9.3611,3.8676,10.6497,49.3321,-65.7534,0.13,_3upR
1727268600000,76.2908,23.2057,0,0,5141,0.0296,-0.0004,0.0096,530,118.8031,106.3766,2.6997,9.855,56.7346,-23.7092,0.1096,_3upR
1727268900000,63.2244,5.3038,0,0,4454,0.05,0.0779,-0.01,535,104.9814,75.7967,3.7028,9.1144,54.057,-36.7756,0.0817,_3upR
1727269200000,36.8809,-21.9178,0,0,5952,0.01,-0.07,0,540,135.7229,19.4355,-0.4442,8.4355,48.9736,-63.1191,-0.12,_3upR
1727269500000,81.6649,21.0748,0,0,7932,0.02,0.05,0.27,545,165.748,114.9637,6.6899,8.3162,56.551,-18.3351,0.1,_2dnR
1727269800000,68.4932,6.1468,0,0,14601,0.05,0.07,0.2,550,439.6976,76.8498,1.6253,8.393,53.9791,-31.5068,0.17,_3upR
1727270100000,68.4932,-4.3906,0,0,6412,0.15,0.13,0.03,555,246.9748,73.0485,-2.5957,8.4633,53.9791,-31.5068,-0.04,_4up
1727270400000,65.8588,-1.7562,0,0,9094,-0.06,-0.04,-0.04,560,321.7078,66.834,-2.9139,8.737,53.401,-34.1412,-0.0996,_4up
1727270700000,67.4419,0.1773,0,0,45973,0.05,0.08,0.1279,565,875.7604,95.0768,2.7727,10.2762,55.4814,-32.5581,0.1017,_4up
1727271000000,71.875,3.4831,0,0,941089,0.43,0.58,0.48,570,1573.6539,201.4406,18.024,14.2325,70.062,-28.125,0.55,_1dn
1727271300000,60.4167,-6.1612,0,0,672154,0.31,0.27,0.32,575,682.0377,136.809,4.5465,17.859,63.7939,-39.5833,0.04,_2dnR
1727271600000,55.2083,-7.2917,0,0,804954,0.25,0.29,0.34,580,556.5107,109.5114,20.1551,16.9167,61.0841,-44.7917,0.12,_4up
1727271900000,40.625,-11.4583,0,0,500148,-0.3,0.13,0.26,585,288.2934,61.9962,7.8837,16.053,54.0686,-59.375,0.21,_4up
1727272200000,54.6875,4.5139,0,0,515216,-0.055,0.255,0.235,590,253.7912,97.2006,8.808,15.3119,59.0197,-45.3125,0.2654,_4up
1727272500000,70.8333,15.4514,0,0,261540,0.15,0.4,0.47,595,121.3556,126.6082,5.8448,14.1493,63.8944,-29.1667,0.3383,_3upR
1727272800000,78.125,10.2431,0,0,298415,0.35,0.06,0.64,600,167.7257,130.6171,4.9612,13.9358,65.8932,-21.875,0.16,_2dnR
1727273100000,82.5243,5.3634,0,0,336293,0.33,0.27,0.54,605,212.4901,135.0294,7.1779,14.4464,68.6021,-17.4757,0.24,_1dn
1727273400000,76.699,-2.4171,0,0,335680,0.07,0.26,0.55,610,256.4342,109.4935,9.6371,13.9104,65.212,-23.301,0.19,_1dn
1727273700000,69.9029,-6.4725,0,0,237953,-0.03,0.32,0.46,615,205.7298,85.455,3.4149,13.419,61.3532,-30.0971,0.2,_1dn
1727274000000,52.4272,-13.9159,0,0,304444,-0.32,0.02,0.27,620,294.2582,27.5882,5.3609,13.8962,52.6189,-47.5728,0.0546,_1dn
1727274300000,23.2913,-25.2492,0,0,400043,-0.5401,-0.4801,-0.0401,625,358.2967,-59.4386,6.0771,15.033,41.7967,-76.7087,-0.4901,_3upR
1727274600000,32.6923,-3.4446,0,0,264341,-0.37,-0.42,-0.36,630,240.9366,-17.9374,-1.0116,16.2497,45.47,-67.3077,-0.97,_1dn
1727274900000,42.3077,9.5439,0,0,232168,-0.12,-0.43,-0.15,635,224.0533,13.8842,-0.208,16.374,49.3411,-57.6923,-0.69,_2dnR
1727275200000,30.7692,-4.4872,0,0,206763,0.07,-0.47,-0.22,640,215.1682,-9.3007,1.1572,16.3084,45.1456,-69.2308,-0.75,_3upR
1727275500000,11.7886,-16.4999,0,0,237729,-0.395,-0.755,-0.455,645,247.3715,-59.4751,5.234,17.6455,35.2111,-88.2114,-0.905,_4up
1727275800000,44.9612,15.7882,0,0,286352,-0.1,-0.23,-0.2,650,301.4722,17.2604,7.4877,19.0625,48.0291,-55.0388,-0.495,_4up
1727276100000,48.8372,13.6415,0,0,139149,0.05,0.13,-0.35,655,174.5463,31.3664,-4.4926,20.2585,49.4828,-51.1628,-0.2599,_1dn
1727276400000,52.7054,3.8708,0,0,162840,0.4799,0.0799,-0.3301,660,220.7589,46.1364,-0.9272,20.7916,50.9758,-47.2946,0.0299,_1dn
1727276700000,57.6899,4.6124,0,0,96077,0.1842,0.0642,-0.3758,665,146.0365,67.9913,-3.0977,21.2802,52.9312,-39.4959,-0.2158,_1dn
1727277000000,27.907,-18.1938,0,0,227559,-0.28,-0.22,-0.68,670,339.4607,-15.162,1.2837,22.7319,42.0089,-69.8745,-0.47,_1dn
1727277300000,41.7907,-0.6718,0,0,229875,-0.1509,0.3391,-0.4209,675,345.1141,38.9021,-2.0025,24.5686,47.5164,-43.8437,0.0041,_1dn
1727277600000,25.5891,-6.1731,0,0,308635,-0.4099,-0.2299,-0.4799,680,454.1787,-16.2159,-9.2085,26.2522,42.3913,-62.0531,-0.2649,_4up
1727277900000,13.1783,-13.6744,0,0,232422,-0.21,-0.47,-0.33,685,316.3978,-41.2927,-9.5197,28.3345,38.8862,-79.2632,-0.0199,_3upR
1727278200000,12.4031,-4.6537,0,1,196885,-0.37,-0.53,-0.44,690,260.8372,-25.698,-10.9831,30.5019,38.6684,-80.483,-0.0999,_3upR
1727278500000,42.2764,19.6572,0,0,131020,0.17,-0.22,-0.16,695,169.1288,65.9921,1.5664,30.0058,49.729,-36.5699,0.1958,_1dn
1727278800000,20.0753,-4.843,0,0,168505,0.0899,-0.1401,-0.3401,700,227.638,2.7977,5.0544,29.9105,43.1274,-70.3827,0.3599,_2dnR
1727279100000,23.7374,-4.959,0,0,245973,0.04,-0.325,0.005,705,328.1841,-5.8749,-3.2957,30.1882,42.363,-72.0238,0.4409,_1dn
1727279400000,19.5669,-1.5596,0,0,286321,-0.575,-0.405,-0.615,710,388.6565,-41.7589,-1.2023,31.2429,37.029,-79.3578,-0.1651,_3upR
1727279700000,38.1888,11.0244,0,0,263475,-0.1,-0.01,-0.5,715,349.0238,7.4378,-1.2023,32.2097,42.9103,-61.4679,-0.1601,_2dnR
1727280000000,32.7332,2.5703,0,0,155221,-0.1,-0.085,-0.61,720,212.4107,2.0477,-8.6256,33.096,41.606,-66.3551,-0.1699,_1dn
1727280300000,36.6442,0.7888,0,0,235934,0.145,-0.435,-0.655,725,297.9351,7.1197,-4.3714,34.6324,41.7669,-60.6481,-0.4892,_2dnR
1727280600000,33.0435,-1.0968,0,0,79296,-0.1,-0.2,-0.34,730,107.2194,2.513,-7.3266,34.9999,40.6666,-61.6162,0.0101,_2dnR
1727280900000,15.6435,-12.8003,0,0,164007,-0.2401,-0.3401,-0.6901,735,237.0795,-40.9588,-8.0353,35.9239,36.0586,-81.8283,-0.6992,_4up
1727281200000,31.2957,4.6348,0,0,224719,-0.0801,0.0799,-0.3301,740,342.6841,18.9593,-8.9094,36.7708,42.4571,-63.6465,0.3248,_1dn
1727281500000,33.0435,6.3826,0,0,191677,0.01,-0.1,-0.11,745,312.3287,28.6023,-9.2787,36.9105,43.1501,-61.6162,0.36,_1dn
1727281800000,29.646,-1.6824,0,0,184294,0.15,-0.085,-0.17,750,292.2095,19.3877,-5.2755,37.9576,41.9172,-66.1616,0.4349,_1dn
1727282100000,16.2037,-10.094,0,0,81214,-0.185,-0.265,-0.685,755,150.2462,-34.5171,-10.083,38.9174,37.735,-82.3232,-0.0258,_2dnR
1727282400000,6.6038,-10.8807,0,1,241494,-0.37,-0.37,-0.58,760,379.9652,-64.6267,-7.2765,40.3369,33.7207,-90.2778,-0.2599,_1dn
1727282700000,9.8485,-1.0368,0,1,373498,-0.54,-0.385,-0.72,765,492.3845,-72.5269,-8.4492,42.2029,29.772,-85.5556,-0.0458,_1dn
1727283000000,35.0606,17.8897,0,0,342819,-0.0472,-0.2272,-0.1472,770,414.3319,18.4393,-0.6132,42.3629,42.0833,-48.5778,0.158,_1dn
1727283300000,8.0219,-9.6218,0,1,235070,-0.2701,-0.6401,-0.7501,775,275.5565,-50.7972,-1.14,42.9079,34.1717,-88.4316,-0.6201,_1dn
1727283600000,32.5581,7.3446,0,0,721698,-0.2593,-0.8,-0.88,780,618.2903,-53.35,1.2551,44.7987,31.1597,-59.5376,-0.715,_3upR
1727283900000,33.9535,9.109,0,0,351016,-0.56,-0.61,-0.87,785,264.9417,-29.3046,-4.4648,45.4295,32.1898,-57.8035,-0.17,_2dnR
1727284200000,34.4644,0.8057,0,0,169765,-0.2562,-0.5362,-0.9062,790,132.2983,-28.6188,-9.2643,46.1984,30.4313,-61.6308,-0.3363,_3upR
1727284500000,45.6647,7.6372,0,0,181155,0.1,-0.1693,-0.555,795,154.7424,5.0341,-4.384,46.0363,36.366,-51.4085,0.1951,_1dn
1727284800000,39.3064,-0.5055,0,0,109453,-0.04,-0.61,-0.84,800,105.8556,-2.7132,-9.0376,45.8877,34.256,-58.1744,-0.6877,_1dn
1727285100000,37.5723,-3.2755,0,0,98472,0.02,-0.23,-0.88,805,103.2055,-0.2207,-9.4473,45.7948,33.6747,-57.7922,-0.1399,_1dn
1727285400000,17.341,-14.0655,0,0,344988,-0.49,-0.39,-1.2,810,469.6775,-43.8215,-4.5549,46.4441,27.6935,-80,-0.315,_2dnR
1727285700000,35.4167,5.3067,0,0,432400,-0.1798,-0.23,-0.85,815,552.9694,-3.7855,-1.5985,47.7772,34.5753,-58.5366,0.01,_4up
1727286000000,23.1303,-2.1657,0,0,201406,-0.39,-0.4,-0.93,820,251.4951,-34.9646,-11.2007,48.9992,30.274,-73.913,-0.0138,_4up
1727286300000,20.1013,-6.1148,0,0,214640,-0.105,-0.615,-0.7843,825,261.5524,-26.9431,-11.1321,50.4574,29.4291,-77.3292,-0.2351,_4up
1727286600000,58.371,24.5034,0,0,306407,0.3999,0.2001,-0.4201,830,327.776,109.328,4.4171,48.637,49.0335,-28.8658,0.417,_1dn
1727286900000,78.7225,26.3243,0,0,376396,0.9519,0.5519,0.2919,835,343.5274,151.8736,0.3897,45.6466,54.9648,-3.4113,1.172,_1dn
1727287200000,66.8639,-1.1219,0,0,336355,0.7605,0.66,0.25,840,308.463,102.8991,1.232,42.6875,50.0824,-23.1293,1.435,_1dn
1727287500000,53.6585,-12.7565,0,0,212502,-0.17,0.22,-0.03,845,220.8476,59.7862,1.2805,40.8652,45.3453,-40.1361,0.805,_2dnR
1727287800000,32.6087,-18.435,0,0,200359,-0.815,0.115,-0.295,850,208.0789,3.6504,-1.6367,39.7895,39.5503,-64.2857,0.6412,_4up
1727288100000,45.6522,1.679,0,0,246540,-0.385,0.3655,-0.245,855,250.8964,42.3438,0.9449,39.5175,44.1558,-50,0.54,_4up
1727288400000,55.7047,11.0495,0,0,137605,-0.05,-0.22,-0.0298,860,155.6696,59.1997,-6.9433,39.0102,46.1794,-43.5374,0.3829,_4up
1727288700000,87.7551,24.7178,0,0,235821,0.7699,-0.05,0.48,865,294.5537,123.4278,0.7335,36.9376,54.8262,-12.2449,0.168,_2dnR
1727289000000,78.2313,4.3343,0,0,162832,0.4,0.03,0.68,870,233.152,93.8472,-1.8385,35.0377,52.0498,-21.7687,0.42,_3upR
1727289300000,78.2313,-3.1746,0,0,168966,0.3275,0.27,0.49,875,251.2432,87.3621,-1.7643,32.8764,52.0498,-22.5352,0.51,_3upR
1727289600000,78.9116,0.4535,0,0,87639,-0.1,0.6399,0.75,880,144.4549,82.3534,-4.5948,31.0256,52.2553,-21.831,1.0288,_2dnR
1727289900000,84.2857,3.8095,1,0,183344,0.099,0.489,0.8695,885,321.6235,91.2384,-3.6808,29.0357,53.9562,-17.1111,1.119,_3upR
1727290200000,86.4014,3.2018,1,0,198607,0.1301,0.4476,0.2201,890,327.7075,92.6193,-1.9968,27.3621,54.65,-14.8074,0.2502,_2dnR
1727290500000,75.8503,-6.3288,0,0,273690,-0.056,-0.145,-0.225,895,435.4774,66.4045,1.4202,26.5879,50.5092,-26.2963,-0.6969,_2dnR
1727290800000,87.7551,4.4195,1,0,179937,0.05,0.15,0.17,900,281.8321,99.532,0.2845,25.5804,54.7311,-6.4,-0.5,_1dn
1727291100000,72.8873,-5.9436,0,0,180339,-0.175,-0.055,0.205,905,279.4733,53.2253,-1.1649,24.6568,49.3511,-22.8,-0.265,_1dn
1727291400000,64.7887,-10.355,0,0,262652,-0.14,-0.201,0.4499,910,351.2053,9.9988,-2.322,24.3628,46.5508,-32,-0.295,_2dnR